-- phpMyAdmin SQL Dump
-- version 4.8.3
-- https://www.phpmyadmin.net/
--
-- Host: localhost:3306
-- Generation Time: Jan 20, 2019 at 03:48 AM
-- Server version: 10.2.19-MariaDB-cll-lve
-- PHP Version: 7.2.7

SET SQL_MODE = "NO_AUTO_VALUE_ON_ZERO";
SET AUTOCOMMIT = 0;
START TRANSACTION;
SET time_zone = "+00:00";


/*!40101 SET @OLD_CHARACTER_SET_CLIENT=@@CHARACTER_SET_CLIENT */;
/*!40101 SET @OLD_CHARACTER_SET_RESULTS=@@CHARACTER_SET_RESULTS */;
/*!40101 SET @OLD_COLLATION_CONNECTION=@@COLLATION_CONNECTION */;
/*!40101 SET NAMES utf8mb4 */;

--
-- Database: `wafngmha_sistema_moneda`
--

-- --------------------------------------------------------

--
-- Table structure for table `atributos_b`
--

CREATE TABLE `atributos_b` (
  `id_atributo_b` int(11) NOT NULL,
  `nombre_atributo` varchar(100) DEFAULT NULL,
  `descripcion_atributo` varchar(100) DEFAULT NULL,
  `tipo_atributob` varchar(50) NOT NULL,
  `categoria_atributob` varchar(100) NOT NULL,
  `orden` int(11) NOT NULL,
  `estado` int(11) DEFAULT NULL
) ENGINE=InnoDB DEFAULT CHARSET=latin1;

--
-- Dumping data for table `atributos_b`
--

INSERT INTO `atributos_b` (`id_atributo_b`, `nombre_atributo`, `descripcion_atributo`, `tipo_atributob`, `categoria_atributob`, `orden`, `estado`) VALUES
(6, 'Valor Facial', 'Facial', 'Generales', '', 0, 1),
(8, 'Valor Moneda', 'Valor Moneda', 'Especiales', '', 0, 1),
(9, 'Catalogo GTX', 'Catalogo', 'Catalogos', '', 0, 1),
(10, 'Foto General de la Moneda', 'Foto', 'Generales', '', 0, 1),
(11, 'Precio Moneda', 'Precio', 'Precios', '', 0, 1),
(12, 'Contrabando', 'Contrabando', 'Especiales', '', 0, 1),
(13, 'Gobernante', 'Gobernante', 'Especiales', '', 0, 1),
(14, 'Otros', 'Otros', 'Otros', '', 0, 1),
(15, 'Nuevo', 'Nuevo', 'Otros', '', 0, 1),
(16, 'Otros ert', 'Otros ert', 'Otros', '', 0, 1),
(17, 'Catalogo GTX 2', 'Catalogo', 'Catalogos', '', 0, 1);

-- --------------------------------------------------------

--
-- Table structure for table `atributos_especiales_b`
--

CREATE TABLE `atributos_especiales_b` (
  `id_atributos_especiales_b` int(11) NOT NULL,
  `id_atributob` int(11) DEFAULT NULL,
  `opciones_especialesb` varchar(100) DEFAULT NULL
) ENGINE=InnoDB DEFAULT CHARSET=latin1;

--
-- Dumping data for table `atributos_especiales_b`
--

INSERT INTO `atributos_especiales_b` (`id_atributos_especiales_b`, `id_atributob`, `opciones_especialesb`) VALUES
(1, 8, '1/2'),
(2, 8, '4'),
(3, 12, 'ty'),
(4, 12, 'ty2'),
(5, 12, 'ty3'),
(6, 13, 'Carlos I y Juana'),
(7, 13, 'Felipe II'),
(8, 13, 'Felipe III');

-- --------------------------------------------------------

--
-- Table structure for table `atributos_especiales_m`
--

CREATE TABLE `atributos_especiales_m` (
  `id_atributos_especiales_m` int(11) NOT NULL,
  `id_atributom` int(11) DEFAULT NULL,
  `opciones_especialesm` varchar(100) DEFAULT NULL
) ENGINE=InnoDB DEFAULT CHARSET=latin1;

--
-- Dumping data for table `atributos_especiales_m`
--

INSERT INTO `atributos_especiales_m` (`id_atributos_especiales_m`, `id_atributom`, `opciones_especialesm`) VALUES
(30, 13, 'Mo (México)'),
(31, 13, 'Mx (México)'),
(32, 13, 'M (México)'),
(48, 1, 'Carlos I y Juana'),
(49, 1, 'Felipe II'),
(50, 1, 'Felipe III'),
(51, 1, 'Felipe IV'),
(52, 1, 'Carlos II'),
(53, 1, 'Felipe V'),
(54, 1, 'Luis I'),
(55, 1, 'Felipe V (2da)'),
(56, 1, 'Fernando VI'),
(57, 1, 'Carlos IIII'),
(58, 1, 'Carlos IV'),
(59, 1, 'Fernando VII'),
(60, 1, 'Iturbide'),
(61, 1, 'Maximiliano'),
(70, 20, 'Si'),
(71, 20, 'No'),
(74, 12, 'NA'),
(75, 12, 'Serie Precolombina'),
(76, 12, 'Serie Animales en peligro de extinción'),
(81, 16, 'Real'),
(82, 16, 'Peso'),
(83, 16, 'Nuevos Pesos'),
(84, 16, 'Onza'),
(85, 18, 'Circulante común'),
(86, 18, 'Circulante conmemorativa'),
(87, 18, 'No circulante'),
(88, 18, 'Pruebas'),
(89, 18, 'Fichas'),
(90, 19, 'Común'),
(91, 19, 'Satín'),
(92, 19, 'Proof'),
(93, 27, 'Redonda'),
(94, 27, 'Macuquina'),
(95, 27, 'Royal'),
(96, 9, 'Coloniales: Carlos y Juana'),
(97, 9, 'Coloniales: Macuquinas'),
(98, 9, 'Coloniales: Columnarias'),
(99, 9, 'Coloniales: Bustos'),
(100, 9, 'Guerra Independencia'),
(101, 9, 'Insurgente'),
(102, 9, 'Imperio de Iturbide'),
(103, 9, '1ra República'),
(104, 9, 'Imprerio de Maximiliano'),
(105, 9, '2da República'),
(106, 9, 'Siglo XX'),
(107, 9, 'Siglo XXI'),
(108, 9, 'Coloniales: Royal');

-- --------------------------------------------------------

--
-- Table structure for table `atributos_m`
--

CREATE TABLE `atributos_m` (
  `id_atributo_m` int(11) NOT NULL,
  `nombre_atributo` varchar(100) DEFAULT NULL,
  `descripcion_atributo` varchar(100) DEFAULT NULL,
  `tipo_atributom` varchar(50) NOT NULL,
  `categoria_atributom` varchar(100) NOT NULL,
  `orden` int(11) NOT NULL,
  `estado` int(11) DEFAULT NULL
) ENGINE=InnoDB DEFAULT CHARSET=latin1;

--
-- Dumping data for table `atributos_m`
--

INSERT INTO `atributos_m` (`id_atributo_m`, `nombre_atributo`, `descripcion_atributo`, `tipo_atributom`, `categoria_atributom`, `orden`, `estado`) VALUES
(1, 'Gobernante', 'Gobernante', 'Especiales', 'Información_general', 4, 1),
(2, 'Valor facial (letras)', 'Ejemplo 1/2 real', 'Generales', 'Información_general', 2, 1),
(3, 'Catalogo Yonaka', 'Catalogo Yonaka', 'Catalogos', 'Catalogos', 4, 1),
(4, 'Foto Reverso', 'Foto del reverso', 'Fotos', 'Reverso', 4, 1),
(5, 'Foto Anverso', 'Foto del anverso', 'Fotos', 'Anverso', 4, 1),
(9, 'Epoca', 'A que periodo pertenece', 'Especiales', 'Información_general', 7, 1),
(11, 'Catalogo Krause', 'Catalogo Krause', 'Catalogos', 'Catalogos', 1, 1),
(12, 'Evento conmemorativo', 'En caso que sea una emisión conmemorativa, ¿qué conmemora?, por ejemplo: Serie Precolombina', 'Especiales', 'Información_general', 10, 1),
(13, 'Ceca', 'Casa emisora de la moneda', 'Especiales', 'Información_general', 8, 1),
(14, 'Año acuñación', 'Fecha que tiene la moneda', 'Generales', 'Información_general', 3, 1),
(15, 'Valor facial (numeros y simbolos)', 'Ejemplo: 1/2 o 0.50', 'Generales', 'Información_general', 1, 1),
(16, 'Tipo de valor', 'Real, Peso, Nuevos Pesos, Onza...', 'Especiales', 'Información_general', 6, 1),
(17, 'Ensayador', 'Ensayador', 'Generales', 'Información_general', 9, 1),
(18, 'Tipo de moneda', 'Común, Conmemorativa, Pruebas, etc...', 'Especiales', 'Información_general', 5, 1),
(19, 'Tipo de acuñación', 'Comun, Satin, Proof, etc...', 'Especiales', 'Información_general', 11, 1),
(20, '¿Desmonetizado?', '¿Ya no se encuentra en circulación?', 'Especiales', 'Información_general', 12, 1),
(21, 'Catálogo Cayón', 'Catálogo Cayón', 'Catalogos', 'Catalogos', 2, 1),
(22, 'Catálogo Gilboy', 'Catálogo Gilboy', 'Catalogos', 'Catalogos', 3, 1),
(23, 'Metal', 'Ejemplo: Plata (0.900), cobre-niquel', 'Generales', 'Datos_Técnicos', 1, 1),
(24, 'Peso', 'En gramos', 'Medidas', 'Datos_Técnicos', 2, 1),
(25, 'Diámetro', 'En milimetros', 'Medidas', 'Datos_Técnicos', 3, 1),
(26, 'Espesor', 'En milimetros', 'Medidas', 'Datos_Técnicos', 4, 1),
(27, 'Forma', 'Forma de la moneda', 'Especiales', 'Datos_Técnicos', 5, 1),
(28, 'Acuñación conocida', 'Número de monedas hechas', 'Generales', 'Datos_Técnicos', 6, 1),
(29, 'Descripción del anverso', 'Descripción del anverso de la moneda', 'Generales', 'Anverso', 1, 1),
(30, 'Letras en el anverso de la moneda', 'Letras en el anverso de la moneda', 'Generales', 'Anverso', 2, 1),
(31, 'Significado de las letras del anverso', 'Significado de las letras del anverso', 'Generales', 'Anverso', 3, 1),
(32, 'Descripción del reverso', 'Descripción del reverso de la moneda', 'Generales', 'Reverso', 1, 1),
(33, 'Letras en el reverso de la moneda', 'Letras en el reverso de la moneda', 'Generales', 'Reverso', 2, 1),
(34, 'Significado de las letras del reverso', 'Significado de las letras del reverso', 'Generales', 'Reverso', 3, 1),
(35, 'Descripción del canto', 'Descripción del canto', 'Generales', 'Canto', 1, 1),
(36, 'Letras en el canto de la moneda', 'Letras en el canto de la moneda', 'Generales', 'Canto', 2, 1),
(37, 'Significado de las letras del canto', 'Significado de las letras del canto', 'Generales', 'Canto', 3, 1),
(38, 'Foto del canto', 'Foto del canto', 'Fotos', 'Canto', 4, 1),
(39, 'Sobre fecha', 'Sobre fecha', 'Generales', 'Variedades', 1, 1),
(40, 'Sobre ensayador', 'Sobre ensayador', 'Generales', 'Variedades', 2, 1),
(41, 'Otro tipo de variante', 'Otro tipo de variante (explicar la variedad)', 'Generales', 'Variedades', 3, 1),
(42, 'Foto de la variante 1', 'Foto de la variante 1', 'Fotos', 'Variedades', 4, 1),
(43, 'Foto de la variante 2', 'Foto de la variante 2', 'Fotos', 'Variedades', 5, 1),
(44, 'Comentarios', 'Comentarios de la moneda', 'Generales', 'Información_adicional', 1, 1),
(45, 'Referencias', 'Referencias bibliográficas, web, etc...', 'Generales', 'Información_adicional', 2, 1);

-- --------------------------------------------------------

--
-- Table structure for table `atributo_billetes`
--

CREATE TABLE `atributo_billetes` (
  `id_atributo_billete` int(11) NOT NULL,
  `id_billete` int(11) DEFAULT NULL,
  `id_atributo` int(11) DEFAULT NULL,
  `atributo_billete` varchar(100) DEFAULT NULL
) ENGINE=InnoDB DEFAULT CHARSET=latin1;

--
-- Dumping data for table `atributo_billetes`
--

INSERT INTO `atributo_billetes` (`id_atributo_billete`, `id_billete`, `id_atributo`, `atributo_billete`) VALUES
(1, 1, 10, 'ventas2.png'),
(2, 1, 6, '15879'),
(3, 1, 11, '15879'),
(4, 1, 8, '1/2'),
(5, 1, 12, 'ty2'),
(6, 1, 13, 'Felipe III'),
(8, 1, 14, 'Otros op'),
(9, 1, 15, 'Nuevo'),
(14, 1, 16, 'Mi referencia es mi papa HAHA'),
(15, 2, 10, 'Captura_de_pantalla_(14).png'),
(16, 2, 6, '3000'),
(17, 2, 11, '2000'),
(18, 2, 8, '1/2'),
(19, 2, 12, 'ty2'),
(20, 2, 13, 'Carlos I y Juana'),
(21, 2, 14, 'Moneda de Prueba Editada'),
(22, 2, 15, 'Moneda de Prueba Editada'),
(23, 2, 16, 'Moneda de Prueba Editada'),
(24, 2, 9, ''),
(25, 2, 17, '');

-- --------------------------------------------------------

--
-- Table structure for table `atributo_monedas`
--

CREATE TABLE `atributo_monedas` (
  `id_atributo_moneda` int(11) NOT NULL,
  `id_moneda` int(11) DEFAULT NULL,
  `id_atributo` int(11) DEFAULT NULL,
  `atributo_moneda` varchar(100) DEFAULT NULL
) ENGINE=InnoDB DEFAULT CHARSET=latin1;

--
-- Dumping data for table `atributo_monedas`
--

INSERT INTO `atributo_monedas` (`id_atributo_moneda`, `id_moneda`, `id_atributo`, `atributo_moneda`) VALUES
(1, 1, 1, '4'),
(6, 1, 3, 'AX-8746456'),
(7, 1, 4, 'Todo malo'),
(8, 1, 5, 'Dolar1.jpg,Wikipedia.com'),
(17, 4, 5, 'Dolar4.jpg,Wikipedia.com'),
(18, 4, 1, '2'),
(19, 4, 2, '15000'),
(20, 4, 4, 'Moneda de Prueba Editada Otra vez'),
(21, 4, 3, 'AX-87464562'),
(22, 4, 11, 'AXXXXXXXXXXXXXXXX'),
(23, 5, 5, 'M05-36a1.jpg,www.ha.com'),
(24, 5, 4, 'M05-36r1.jpg,www.ha.com'),
(25, 5, 38, 'm0546r1.jpg,www.ha.com'),
(26, 5, 1, 'Felipe V'),
(27, 5, 2, '1/2 Real'),
(28, 5, 9, 'Coloniales: Columnarias'),
(29, 5, 12, '1/2 Real - Felipe V'),
(30, 5, 13, 'Mo (México)'),
(31, 5, 14, '1736'),
(32, 5, 15, '1/2'),
(33, 5, 16, 'Real'),
(34, 5, 17, 'MF'),
(35, 5, 18, 'Circulante común'),
(36, 5, 19, 'Común'),
(37, 5, 20, 'Si'),
(38, 5, 23, 'Plata (0.917)'),
(39, 5, 24, '1.6917'),
(40, 5, 25, '17'),
(41, 5, 26, '2'),
(42, 5, 27, 'Redonda'),
(43, 5, 28, ''),
(44, 5, 29, 'Spain coat of arms flanked by initials. With legend all around'),
(45, 5, 30, '*PHILIP•V•D•G•HISPAN•ET IND•REX •MF'),
(46, 5, 31, 'Felipe 5th by the grace of God King of Spain and the Indies'),
(47, 5, 32, 'Crowned hemispheres in between pillars. With legend around and date at bottom'),
(48, 5, 33, '*VTRAQUE VNVM* Mo*1736*Mo'),
(49, 5, 34, 'Both as one Mexico City 1736 Mexico City'),
(50, 5, 35, 'Estriado'),
(51, 5, 36, 'NA'),
(52, 5, 37, 'NA'),
(53, 5, 11, 'KM-65'),
(54, 5, 3, 'M05-36'),
(55, 5, 21, '8260'),
(56, 5, 22, 'M-05-9'),
(57, 6, 2, '1/2 Real'),
(58, 6, 15, '1/2'),
(59, 6, 14, '1740'),
(60, 6, 1, 'Felipe V'),
(61, 6, 18, 'Circulante común'),
(62, 6, 16, 'Real'),
(63, 6, 9, 'Coloniales: Columnarias'),
(64, 6, 13, 'Mo (México)'),
(65, 6, 17, 'MF'),
(66, 6, 12, 'NA'),
(67, 6, 19, 'Común'),
(68, 6, 20, 'Si'),
(69, 6, 23, 'Plata (0.917)'),
(70, 6, 24, '1.6917'),
(71, 6, 25, '17'),
(72, 6, 26, '2'),
(73, 6, 27, 'Redonda'),
(74, 6, 28, 'NA'),
(75, 6, 29, 'Spain coat of arms flanked by initials. With legend all around.'),
(76, 6, 30, '*PHILIP•V•D•G•HISPAN•ET IND•REX •MF'),
(77, 6, 31, 'Felipe 5th by the grace of God King of Spain and the Indies'),
(78, 6, 32, 'Crowned hemispheres in between pillars. With legend around and date at bottom.'),
(79, 6, 33, '*VTRAQUE VNVM* Mo*1736*Mo'),
(80, 6, 34, 'Both as one Mexico City 1736 Mexico City'),
(81, 6, 35, ''),
(82, 6, 36, ''),
(83, 6, 37, ''),
(84, 6, 39, ''),
(85, 6, 40, ''),
(86, 6, 41, ''),
(87, 6, 11, 'KM-65'),
(88, 6, 3, 'M05-40'),
(89, 7, 2, '1 Centavo'),
(90, 7, 15, '.01'),
(91, 7, 14, '1905'),
(92, 7, 1, 'Maximiliano'),
(93, 7, 18, 'Circulante común'),
(94, 7, 16, 'Peso'),
(95, 7, 9, '2da República'),
(96, 7, 13, 'Mo (México)'),
(97, 7, 17, ''),
(98, 7, 12, 'NA'),
(99, 7, 19, 'Común'),
(100, 7, 20, 'Si'),
(101, 7, 23, 'Bronce'),
(102, 7, 24, '3.0 g'),
(103, 7, 25, '19.5 mm'),
(104, 7, 26, '1.4 mm'),
(105, 7, 27, 'Redonda'),
(106, 7, 28, '6,000,000'),
(107, 7, 29, 'Estados Unidos Mexicanos in a semicircle over an older version of the Mexican coat of arms: a Mexica'),
(108, 7, 30, 'ESTADOS UNIDOS MEXICANOS'),
(109, 7, 31, 'Estados Unidos Mexicanos'),
(110, 7, 32, 'The year at the top. The denomination over the cent symbol is in the center, surrounded by a wreath.'),
(111, 7, 33, '1905 1¢ Mo'),
(112, 7, 34, '1905 1¢ Mo'),
(113, 7, 35, 'Liso'),
(114, 7, 36, ''),
(115, 7, 37, ''),
(116, 7, 39, ''),
(117, 7, 40, ''),
(118, 7, 41, 'Fecha estrecha'),
(119, 7, 11, 'KM-415'),
(120, 8, 2, '1 Centavo'),
(121, 8, 15, '.01'),
(122, 8, 14, '1905'),
(123, 8, 1, ''),
(124, 8, 18, 'Circulante común'),
(125, 8, 16, 'Peso'),
(126, 8, 9, '2da República'),
(127, 8, 13, 'Mo (México)'),
(128, 8, 17, ''),
(129, 8, 12, ''),
(130, 8, 19, 'Común'),
(131, 8, 20, 'Si'),
(132, 8, 23, 'Bronce'),
(133, 8, 24, '3.0 g'),
(134, 8, 25, '19.5 mm'),
(135, 8, 26, '1.4 mm'),
(136, 8, 27, 'Redonda'),
(137, 8, 28, '6,040,000'),
(138, 8, 29, 'Estados Unidos Mexicanos in a semicircle over an older version of the Mexican coat of arms: a Mexica'),
(139, 8, 30, 'ESTADOS UNIDOS MEXICANOS'),
(140, 8, 31, 'Estados Unidos Mexicanos'),
(141, 8, 32, 'The year at the top. The denomination over the cent symbol is in the center, surrounded by a wreath.'),
(142, 8, 33, '1905 1¢ Mo'),
(143, 8, 34, '1905 1¢ Mo'),
(144, 8, 35, 'Liso'),
(145, 8, 36, ''),
(146, 8, 37, ''),
(147, 8, 39, ''),
(148, 8, 40, ''),
(149, 8, 41, 'Fecha abierta'),
(150, 8, 11, 'KM-415'),
(151, 9, 2, '1/2 Real'),
(152, 9, 15, '1/2'),
(153, 9, 14, '1715'),
(154, 9, 1, 'Felipe V'),
(155, 9, 18, 'Circulante común'),
(156, 9, 16, 'Real'),
(157, 9, 9, 'Coloniales: Royal'),
(158, 9, 13, 'Mo (México)'),
(159, 9, 17, 'J'),
(160, 9, 12, 'NA'),
(161, 9, 19, 'Común'),
(162, 9, 20, 'Si'),
(163, 9, 23, 'Plata (0.9310)'),
(164, 9, 24, '1,6917'),
(165, 9, 25, '17.07 mm'),
(166, 9, 26, 'NA'),
(167, 9, 27, 'Royal'),
(168, 9, 28, ''),
(169, 9, 29, 'Felipe V con escudo real rodeado de leyenda y fecha'),
(170, 9, 30, 'FILIPVS V D G 1715'),
(171, 9, 31, 'Felipe V por la gracia de Dios'),
(172, 9, 32, 'Escudo de España'),
(173, 9, 33, 'HISP ET INDIARVM REX'),
(174, 9, 34, 'Rey de España y de las Indias'),
(175, 9, 35, ''),
(176, 9, 36, ''),
(177, 9, 37, ''),
(178, 9, 39, ''),
(179, 9, 40, ''),
(180, 9, 41, ''),
(181, 9, 44, '\"Normalmente se encuentra agujereado.  Acuñación redonda especialmente preparada con troqueles bien '),
(182, 9, 45, ''),
(183, 9, 11, 'KM-R24'),
(184, 10, 2, '1/2 Real'),
(185, 10, 15, '1/2'),
(186, 10, 14, '1719'),
(187, 10, 1, 'Carlos II'),
(188, 10, 18, 'Circulante común'),
(189, 10, 16, 'Real'),
(190, 10, 9, 'Coloniales: Royal'),
(191, 10, 13, 'Mo (México)'),
(192, 10, 17, 'J'),
(193, 10, 12, 'NA'),
(194, 10, 19, 'Común'),
(195, 10, 20, 'Si'),
(196, 10, 23, 'Plata (0.9310)'),
(197, 10, 24, '1,6917'),
(198, 10, 25, '17.07 mm'),
(199, 10, 26, 'NA'),
(200, 10, 27, 'Royal'),
(201, 10, 28, 'NA'),
(202, 10, 29, 'Felipe V con escudo real rodeado de leyenda y fecha'),
(203, 10, 30, 'FILIPVS V D G 1719'),
(204, 10, 31, 'Felipe V por la gracia de Dios'),
(205, 10, 32, 'Escudo de España'),
(206, 10, 33, 'HISP ET INDIARVM REX'),
(207, 10, 34, 'Rey de España y de las Indias'),
(208, 10, 35, ''),
(209, 10, 36, ''),
(210, 10, 37, ''),
(211, 10, 39, ''),
(212, 10, 40, ''),
(213, 10, 41, ''),
(214, 10, 44, '\"Normalmente se encuentra agujereado.  Acuñación redonda especialmente preparada con troqueles bien '),
(215, 10, 45, ''),
(216, 10, 11, 'KM-R24'),
(217, 11, 2, '1/2 Real'),
(218, 11, 15, '1/2'),
(219, 11, 14, '1721'),
(220, 11, 1, 'Felipe V'),
(221, 11, 18, 'Circulante común'),
(222, 11, 16, 'Real'),
(223, 11, 9, 'Coloniales: Royal'),
(224, 11, 13, 'Mo (México)'),
(225, 11, 17, 'J'),
(226, 11, 12, 'NA'),
(227, 11, 19, 'Común'),
(228, 11, 20, 'Si'),
(229, 11, 23, 'Plata (0.9310)'),
(230, 11, 24, '1,6917'),
(231, 11, 25, '17.07 mm'),
(232, 11, 26, 'NA'),
(233, 11, 27, 'Royal'),
(234, 11, 28, 'NA'),
(235, 11, 29, 'Felipe V con escudo real rodeado de leyenda y fecha'),
(236, 11, 30, 'FILIPVS V D G 1721'),
(237, 11, 31, 'Felipe V por la gracia de Dios'),
(238, 11, 32, 'Escudo de España'),
(239, 11, 33, 'HISP ET INDIARVM REX'),
(240, 11, 34, 'Rey de España y de las Indias'),
(241, 11, 35, ''),
(242, 11, 36, ''),
(243, 11, 37, ''),
(244, 11, 39, ''),
(245, 11, 40, ''),
(246, 11, 41, ''),
(247, 11, 44, '\"Normalmente se encuentra agujereado.  Acuñación redonda especialmente preparada con troqueles bien '),
(248, 11, 45, ''),
(249, 11, 11, 'KM-R24'),
(250, 12, 2, '1/2 Real'),
(251, 12, 15, '1/2'),
(252, 12, 14, '1722'),
(253, 12, 1, 'Felipe V'),
(254, 12, 18, 'Circulante común'),
(255, 12, 16, 'Real'),
(256, 12, 9, 'Coloniales: Royal'),
(257, 12, 13, 'Mo (México)'),
(258, 12, 17, 'J'),
(259, 12, 12, 'NA'),
(260, 12, 19, 'Común'),
(261, 12, 20, 'Si'),
(262, 12, 23, 'Plata (0.9310)'),
(263, 12, 24, '1,6917'),
(264, 12, 25, '17.07 mm'),
(265, 12, 26, 'NA'),
(266, 12, 27, 'Royal'),
(267, 12, 28, 'NA'),
(268, 12, 29, 'Felipe V con escudo real rodeado de leyenda y fecha'),
(269, 12, 30, 'FILIPVS V D G 1722'),
(270, 12, 31, 'Felipe V por la gracia de Dios'),
(271, 12, 32, 'Escudo de España'),
(272, 12, 33, 'HISP ET INDIARVM REX'),
(273, 12, 34, 'Rey de España y de las Indias'),
(274, 12, 35, ''),
(275, 12, 36, ''),
(276, 12, 37, ''),
(277, 12, 39, ''),
(278, 12, 40, ''),
(279, 12, 41, ''),
(280, 12, 44, '\"Normalmente se encuentra agujereado.  Acuñación redonda especialmente preparada con troqueles bien '),
(281, 12, 45, ''),
(282, 12, 11, 'KM-R24'),
(283, 13, 2, '1/2 Real'),
(284, 13, 15, '1/2'),
(285, 13, 14, '1726'),
(286, 13, 1, 'Felipe V'),
(287, 13, 18, 'Circulante común'),
(288, 13, 16, 'Real'),
(289, 13, 9, 'Coloniales: Royal'),
(290, 13, 13, 'Mo (México)'),
(291, 13, 17, 'D'),
(292, 13, 12, 'NA'),
(293, 13, 19, 'Común'),
(294, 13, 20, 'Si'),
(295, 13, 23, 'Plata (0.9310)'),
(296, 13, 24, '1,6917'),
(297, 13, 25, '17.07 mm'),
(298, 13, 26, 'NA'),
(299, 13, 27, 'Royal'),
(300, 13, 28, 'NA'),
(301, 13, 29, 'Felipe V con escudo real rodeado de leyenda y fecha'),
(302, 13, 30, 'FILIPVS V D G 1726'),
(303, 13, 31, 'Felipe V por la gracia de Dios'),
(304, 13, 32, 'Escudo de España'),
(305, 13, 33, 'HISP ET INDIARVM REX'),
(306, 13, 34, 'Rey de España y de las Indias'),
(307, 13, 35, ''),
(308, 13, 36, ''),
(309, 13, 37, ''),
(310, 13, 39, ''),
(311, 13, 40, ''),
(312, 13, 41, ''),
(313, 13, 44, '\"Normalmente se encuentra agujereado.  Acuñación redonda especialmente preparada con troqueles bien '),
(314, 13, 45, ''),
(315, 13, 11, 'KM-R24'),
(316, 14, 2, '1/2 Real'),
(317, 14, 15, '1/2'),
(318, 14, 14, '1727'),
(319, 14, 1, 'Felipe V'),
(320, 14, 18, 'Circulante común'),
(321, 14, 16, 'Real'),
(322, 14, 9, 'Coloniales: Royal'),
(323, 14, 13, 'Mo (México)'),
(324, 14, 17, 'D'),
(325, 14, 12, 'NA'),
(326, 14, 19, 'Común'),
(327, 14, 20, 'Si'),
(328, 14, 23, 'Plata (0.9310)'),
(329, 14, 24, '1,6917'),
(330, 14, 25, '17.07 mm'),
(331, 14, 26, 'NA'),
(332, 14, 27, 'Royal'),
(333, 14, 28, 'NA'),
(334, 14, 29, 'Felipe V con escudo real rodeado de leyenda y fecha'),
(335, 14, 30, 'FILIPVS V D G 1727'),
(336, 14, 31, 'Felipe V por la gracia de Dios'),
(337, 14, 32, 'Escudo de España'),
(338, 14, 33, 'HISP ET INDIARVM REX'),
(339, 14, 34, 'Rey de España y de las Indias'),
(340, 14, 35, ''),
(341, 14, 36, ''),
(342, 14, 37, ''),
(343, 14, 39, ''),
(344, 14, 40, ''),
(345, 14, 41, ''),
(346, 14, 44, '\"Normalmente se encuentra agujereado.  Acuñación redonda especialmente preparada con troqueles bien '),
(347, 14, 45, ''),
(348, 14, 11, 'KM-R24'),
(349, 15, 5, '1724a.jpg,NA'),
(350, 15, 4, '1724r.jpg,NA'),
(351, 15, 2, '1/2 Real'),
(352, 15, 15, '1/2'),
(353, 15, 14, '1724'),
(354, 15, 1, 'Luis I'),
(355, 15, 18, 'Circulante común'),
(356, 15, 16, 'Real'),
(357, 15, 9, 'Coloniales: Royal'),
(358, 15, 13, 'Mo (México)'),
(359, 15, 17, 'D'),
(360, 15, 12, 'NA'),
(361, 15, 19, 'Común'),
(362, 15, 20, 'Si'),
(363, 15, 23, 'Plata (0.9310)'),
(364, 15, 24, '1,6917'),
(365, 15, 25, '17.07 mm'),
(366, 15, 26, 'NA'),
(367, 15, 27, 'Royal'),
(368, 15, 28, 'NA'),
(369, 15, 29, 'Luis I con escudo real rodeado de leyenda y fecha'),
(370, 15, 30, 'LVDOVICVS I D G 1724'),
(371, 15, 31, 'Luis I por la gracia de Dios'),
(372, 15, 32, 'Escudo de España'),
(373, 15, 33, 'HISP ET INDIARVM REX'),
(374, 15, 34, 'Rey de España y de las Indias'),
(375, 15, 35, ''),
(376, 15, 36, ''),
(377, 15, 37, ''),
(378, 15, 39, ''),
(379, 15, 40, ''),
(380, 15, 41, ''),
(381, 15, 44, '\"La acuñación de Luis I es una de las más raras y valiosas para los coleccionistas. El reinado solo '),
(382, 15, 45, ''),
(383, 15, 11, 'KM-R25'),
(384, 16, 5, '1730a.jpg,NA'),
(385, 16, 4, '1730r.jpg,NA'),
(386, 16, 2, '1/2 Real'),
(387, 16, 15, '1/2'),
(388, 16, 14, '1730'),
(389, 16, 1, 'Felipe V'),
(390, 16, 18, 'Circulante común'),
(391, 16, 16, 'Real'),
(392, 16, 9, 'Coloniales: Royal'),
(393, 16, 13, 'Mo (México)'),
(394, 16, 17, 'D'),
(395, 16, 12, 'NA'),
(396, 16, 19, 'Común'),
(397, 16, 20, 'Si'),
(398, 16, 23, 'Plata (0.9170)'),
(399, 16, 24, '1,6917'),
(400, 16, 25, '16.87 mm'),
(401, 16, 26, 'NA'),
(402, 16, 27, 'Royal'),
(403, 16, 28, 'NA'),
(404, 16, 29, 'Felipe V con escudo real rodeado de leyenda y fecha'),
(405, 16, 30, 'Letras: FILIPVS V D G 1715'),
(406, 16, 31, 'Felipe V por la gracia de Dios'),
(407, 16, 32, 'Escudo de España'),
(408, 16, 33, 'HISP ET INDIARVM REX'),
(409, 16, 34, 'Rey de España y de las Indias'),
(410, 16, 35, ''),
(411, 16, 36, ''),
(412, 16, 37, ''),
(413, 16, 39, ''),
(414, 16, 40, ''),
(415, 16, 41, ''),
(416, 16, 44, '\"Difiere de KM-R24 porque su puereza de plata es menor.  Acuñación redonda especialmente preparada c'),
(417, 16, 45, ''),
(418, 16, 11, 'KM-R24a'),
(419, 17, 2, '1/2 Real'),
(420, 17, 15, '1/2'),
(421, 17, 14, '1732'),
(422, 17, 1, 'Felipe V'),
(423, 17, 18, 'Circulante común'),
(424, 17, 16, 'Real'),
(425, 17, 9, 'Coloniales: Columnarias'),
(426, 17, 13, 'Mo (México)'),
(427, 17, 17, 'NA'),
(428, 17, 12, 'NA'),
(429, 17, 19, 'Común'),
(430, 17, 20, 'Si'),
(431, 17, 23, 'Plata (0.9170)'),
(432, 17, 24, '1,6917'),
(433, 17, 25, 'NA'),
(434, 17, 26, 'NA'),
(435, 17, 27, 'Redonda'),
(436, 17, 28, 'Redonda'),
(437, 17, 29, 'Escudo de España flanqueado por iniciales en toda la circunferencia'),
(438, 17, 30, '\"*PHILIP•V•D•G•HISPAN•ET IND•REX •MF\"'),
(439, 17, 31, 'Felipe V por la gracias de Dios rey de España y de las Indias'),
(440, 17, 32, 'Columnas coronadas con leyenda alrededor y fecha en la parte inferior'),
(441, 17, 33, '\"*VTRAQUE VNVM* Mo*1732*Mo\"'),
(442, 17, 34, 'Tanto como uno'),
(443, 17, 35, ''),
(444, 17, 36, ''),
(445, 17, 37, ''),
(446, 17, 39, ''),
(447, 17, 40, ''),
(448, 17, 41, ''),
(449, 17, 44, ''),
(450, 17, 45, ''),
(451, 17, 11, 'KM-65'),
(452, 17, 3, 'M05-32'),
(453, 18, 2, '1/2 Real'),
(454, 18, 15, '1/2'),
(455, 18, 14, '1732'),
(456, 18, 1, 'Felipe V'),
(457, 18, 18, 'Circulante común'),
(458, 18, 16, 'Real'),
(459, 18, 9, 'Coloniales: Columnarias'),
(460, 18, 13, 'Mo (México)'),
(461, 18, 17, 'F'),
(462, 18, 12, 'NA'),
(463, 18, 19, 'Común'),
(464, 18, 20, 'Si'),
(465, 18, 23, 'Plata (0.9170)'),
(466, 18, 24, '1,6917'),
(467, 18, 25, 'NA'),
(468, 18, 26, 'BA'),
(469, 18, 27, 'Redonda'),
(470, 18, 28, 'Redonda'),
(471, 18, 29, 'Escudo de España flanqueado por iniciales en toda la circunferencia'),
(472, 18, 30, '\"*PHILIP•V•D•G•HISPAN•ET IND•REX •MF\"'),
(473, 18, 31, 'Felipe V por la gracias de Dios rey de España y de las Indias'),
(474, 18, 32, 'Columnas coronadas con leyenda alrededor y fecha en la parte inferior'),
(475, 18, 33, '\"*VTRAQUE VNVM* Mo*1732*Mo\"'),
(476, 18, 34, 'Tanto como uno'),
(477, 18, 35, ''),
(478, 18, 36, ''),
(479, 18, 37, ''),
(480, 18, 39, ''),
(481, 18, 40, 'Sin ensayador'),
(482, 18, 41, ''),
(483, 18, 44, ''),
(484, 18, 45, ''),
(485, 18, 11, 'KM-65'),
(487, 19, 2, '1/2 Real'),
(488, 19, 15, '1/2'),
(489, 19, 14, '1733'),
(490, 19, 1, 'Felipe V'),
(491, 19, 18, 'Circulante común'),
(492, 19, 16, 'Real'),
(493, 19, 9, 'Coloniales: Columnarias'),
(494, 19, 13, 'Mo (México)'),
(495, 19, 17, 'F'),
(496, 19, 12, 'NA'),
(497, 19, 19, 'Común'),
(498, 19, 20, 'Si'),
(499, 19, 23, 'Plata (0.9170)'),
(500, 19, 24, '1,6917'),
(501, 19, 25, 'NA'),
(502, 19, 26, 'NA'),
(503, 19, 27, 'Redonda'),
(504, 19, 28, 'Redonda'),
(505, 19, 29, 'Escudo de España flanqueado por iniciales en toda la circunferencia'),
(506, 19, 30, '\"*PHILIP•V•D•G•HISPAN•ET IND•REX •MF\"'),
(507, 19, 31, 'Felipe V por la gracias de Dios rey de España y de las Indias'),
(508, 19, 32, 'Columnas coronadas con leyenda alrededor y fecha en la parte inferior'),
(509, 19, 33, '\"*VTRAQUE VNVM* Mo*1733*Mo\"'),
(510, 19, 34, 'Tanto como uno'),
(511, 19, 35, ''),
(512, 19, 36, ''),
(513, 19, 37, ''),
(514, 19, 39, ''),
(515, 19, 40, ''),
(516, 19, 41, ''),
(517, 19, 44, ''),
(518, 19, 45, ''),
(519, 19, 11, 'KM-65'),
(520, 19, 3, 'M05-33'),
(521, 20, 2, '1/2 Real'),
(522, 20, 15, '1/2'),
(523, 20, 14, '1733'),
(524, 20, 1, 'Felipe V'),
(525, 20, 18, 'Circulante común'),
(526, 20, 16, 'Real'),
(527, 20, 9, 'Coloniales: Columnarias'),
(528, 20, 13, 'Mx (México)'),
(529, 20, 17, 'MF'),
(530, 20, 12, 'NA'),
(531, 20, 19, 'Común'),
(532, 20, 20, 'Si'),
(533, 20, 23, 'Plata (0.9170)'),
(534, 20, 24, '1,6917'),
(535, 20, 25, 'NA'),
(536, 20, 26, 'NA'),
(537, 20, 27, 'Redonda'),
(538, 20, 28, 'Redonda'),
(539, 20, 29, 'Escudo de España flanqueado por iniciales en toda la circunferencia'),
(540, 20, 30, '\"*PHILIP•V•D•G•HISPAN•ET IND•REX •MF\"'),
(541, 20, 31, 'Felipe V por la gracias de Dios rey de España y de las Indias'),
(542, 20, 32, 'Columnas coronadas con leyenda alrededor y fecha en la parte inferior'),
(543, 20, 33, '\"*VTRAQUE VNVM* Mo*1733*Mo\"'),
(544, 20, 34, 'Tanto como uno'),
(545, 20, 35, ''),
(546, 20, 36, ''),
(547, 20, 37, ''),
(548, 20, 39, ''),
(549, 20, 40, ''),
(550, 20, 41, 'Ceca MX'),
(551, 20, 44, ''),
(552, 20, 45, ''),
(553, 20, 11, 'KM-65'),
(554, 20, 3, 'M05-33a'),
(555, 21, 2, '1/2 Real'),
(556, 21, 15, '1/2'),
(557, 21, 14, '1733'),
(558, 21, 1, 'Felipe V'),
(559, 21, 18, 'Circulante común'),
(560, 21, 16, 'Real'),
(561, 21, 9, 'Coloniales: Columnarias'),
(562, 21, 13, 'Mo (México)'),
(563, 21, 17, 'MF'),
(564, 21, 12, 'NA'),
(565, 21, 19, 'Común'),
(566, 21, 20, 'Si'),
(567, 21, 23, 'Plata (0.9170)'),
(568, 21, 24, '1,6917'),
(569, 21, 25, 'NA'),
(570, 21, 26, 'NA'),
(571, 21, 27, 'Redonda'),
(572, 21, 28, 'Redonda'),
(573, 21, 29, 'Escudo de España flanqueado por iniciales en toda la circunferencia'),
(574, 21, 30, '\"*PHILIP•V•D•G•HISPAN•ET IND•REX •MF\"'),
(575, 21, 31, 'Felipe V por la gracias de Dios rey de España y de las Indias'),
(576, 21, 32, 'Columnas coronadas con leyenda alrededor y fecha en la parte inferior'),
(577, 21, 33, '\"*VTRAQUE VNVM* Mo*1733*Mo\"'),
(578, 21, 34, 'Tanto como uno'),
(579, 21, 35, ''),
(580, 21, 36, ''),
(581, 21, 37, ''),
(582, 21, 39, ''),
(583, 21, 40, ''),
(584, 21, 41, ''),
(585, 21, 44, ''),
(586, 21, 45, ''),
(587, 21, 11, 'KM-65'),
(588, 21, 3, 'M0533b'),
(589, 22, 2, '1/2 Real'),
(590, 22, 15, '1/2'),
(591, 22, 14, '1733/2'),
(592, 22, 1, 'Felipe V'),
(593, 22, 18, 'Circulante común'),
(594, 22, 16, 'Real'),
(595, 22, 9, 'Coloniales: Columnarias'),
(596, 22, 13, 'Mo (México)'),
(597, 22, 17, 'MF'),
(598, 22, 12, 'NA'),
(599, 22, 19, 'Común'),
(600, 22, 20, 'Si'),
(601, 22, 23, 'Plata (0.9170)'),
(602, 22, 24, '1,6917'),
(603, 22, 25, 'NA'),
(604, 22, 26, 'NA'),
(605, 22, 27, 'Redonda'),
(606, 22, 28, 'Redonda'),
(607, 22, 29, 'Escudo de España flanqueado por iniciales en toda la circunferencia'),
(608, 22, 30, '\"*PHILIP•V•D•G•HISPAN•ET IND•REX •MF\"'),
(609, 22, 31, 'Felipe V por la gracias de Dios rey de España y de las Indias'),
(610, 22, 32, 'Columnas coronadas con leyenda alrededor y fecha en la parte inferior'),
(611, 22, 33, '\"*VTRAQUE VNVM* Mo*1733*Mo\"'),
(612, 22, 34, 'Tanto como uno'),
(613, 22, 35, ''),
(614, 22, 36, ''),
(615, 22, 37, ''),
(616, 22, 39, '1733/2'),
(617, 22, 40, ''),
(618, 22, 41, ''),
(619, 22, 44, ''),
(620, 22, 45, ''),
(621, 22, 11, 'KM-65'),
(622, 22, 3, 'M05-33c'),
(623, 23, 2, '1/2 Real'),
(624, 23, 15, '1/2'),
(625, 23, 14, '1734'),
(626, 23, 1, 'Felipe V'),
(627, 23, 18, 'Circulante común'),
(628, 23, 16, 'Real'),
(629, 23, 9, 'Coloniales: Columnarias'),
(630, 23, 13, 'Mo (México)'),
(631, 23, 17, 'MF'),
(632, 23, 12, 'NA'),
(633, 23, 19, 'Común'),
(634, 23, 20, 'Si'),
(635, 23, 23, 'Plata (0.9170)'),
(636, 23, 24, '1,6917'),
(637, 23, 25, 'NA'),
(638, 23, 26, 'NA'),
(639, 23, 27, 'Redonda'),
(640, 23, 28, 'Redonda'),
(641, 23, 29, 'Escudo de España flanqueado por iniciales en toda la circunferencia'),
(642, 23, 30, '\"*PHILIP•V•D•G•HISPAN•ET IND•REX •MF\"'),
(643, 23, 31, 'Felipe V por la gracias de Dios rey de España y de las Indias'),
(644, 23, 32, 'Columnas coronadas con leyenda alrededor y fecha en la parte inferior'),
(645, 23, 33, '\"*VTRAQUE VNVM* Mo*1734*Mo\"'),
(646, 23, 34, 'Tanto como uno'),
(647, 23, 35, ''),
(648, 23, 36, ''),
(649, 23, 37, ''),
(650, 23, 39, ''),
(651, 23, 40, ''),
(652, 23, 41, ''),
(653, 23, 44, ''),
(654, 23, 45, ''),
(655, 23, 11, 'KM-65'),
(656, 23, 3, 'M05-34'),
(657, 24, 2, '1/2 Real'),
(658, 24, 15, '1/2'),
(659, 24, 14, '1734/3'),
(660, 24, 1, 'Felipe V'),
(661, 24, 18, 'Circulante común'),
(662, 24, 16, 'Real'),
(663, 24, 9, 'Coloniales: Columnarias'),
(664, 24, 13, 'Mo (México)'),
(665, 24, 17, 'MF'),
(666, 24, 12, 'NA'),
(667, 24, 19, 'Común'),
(668, 24, 20, 'Si'),
(669, 24, 23, 'Plata (0.9170)'),
(670, 24, 24, '1,6917'),
(671, 24, 25, 'NA'),
(672, 24, 26, 'NA'),
(673, 24, 27, 'Redonda'),
(674, 24, 28, 'Redonda'),
(675, 24, 29, 'Escudo de España flanqueado por iniciales en toda la circunferencia'),
(676, 24, 30, '\"*PHILIP•V•D•G•HISPAN•ET IND•REX •MF\"'),
(677, 24, 31, 'Felipe V por la gracias de Dios rey de España y de las Indias'),
(678, 24, 32, 'Columnas coronadas con leyenda alrededor y fecha en la parte inferior'),
(679, 24, 33, '\"*VTRAQUE VNVM* Mo*1734*Mo\"'),
(680, 24, 34, 'Tanto como uno'),
(681, 24, 35, ''),
(682, 24, 36, ''),
(683, 24, 37, ''),
(684, 24, 39, ''),
(685, 24, 40, ''),
(686, 24, 41, ''),
(687, 24, 44, ''),
(688, 24, 45, ''),
(689, 24, 11, 'KM-65'),
(690, 24, 3, 'M05-34a'),
(691, 25, 2, '1/2 Real'),
(692, 25, 15, '1/2'),
(693, 25, 14, '1734/3'),
(694, 25, 1, 'Felipe V'),
(695, 25, 18, 'Circulante común'),
(696, 25, 16, 'Real'),
(697, 25, 9, 'Coloniales: Columnarias'),
(698, 25, 13, 'Mo (México)'),
(699, 25, 17, 'MF'),
(700, 25, 12, 'NA'),
(701, 25, 19, 'Común'),
(702, 25, 20, 'Si'),
(703, 25, 23, 'Plata (0.9170)'),
(704, 25, 24, '1,6917'),
(705, 25, 25, 'NA'),
(706, 25, 26, 'NA'),
(707, 25, 27, 'Redonda'),
(708, 25, 28, 'Redonda'),
(709, 25, 29, 'Escudo de España flanqueado por iniciales en toda la circunferencia'),
(710, 25, 30, '\"*PHILIP•V•D•G•HISPAN•ET IND•REX •MF\"'),
(711, 25, 31, 'Felipe V por la gracias de Dios rey de España y de las Indias'),
(712, 25, 32, 'Columnas coronadas con leyenda alrededor y fecha en la parte inferior'),
(713, 25, 33, '\"*VTRAQUE VNVM* Mo*1734*Mo\"'),
(714, 25, 34, 'Tanto como uno'),
(715, 25, 35, ''),
(716, 25, 36, ''),
(717, 25, 37, ''),
(718, 25, 39, '1734/3'),
(719, 25, 40, ''),
(720, 25, 41, ''),
(721, 25, 44, ''),
(722, 25, 45, ''),
(723, 25, 11, 'KM-65'),
(724, 25, 3, 'M05-34b'),
(725, 26, 2, '1/2 Real'),
(726, 26, 15, '1/2'),
(727, 26, 14, '1735'),
(728, 26, 1, 'Felipe V'),
(729, 26, 18, 'Circulante común'),
(730, 26, 16, 'Real'),
(731, 26, 9, 'Coloniales: Columnarias'),
(732, 26, 13, 'Mo (México)'),
(733, 26, 17, 'MF'),
(734, 26, 12, 'NA'),
(735, 26, 19, 'Común'),
(736, 26, 20, 'Si'),
(737, 26, 23, 'Plata (0.9170)'),
(738, 26, 24, '1,6917'),
(739, 26, 25, 'NA'),
(740, 26, 26, 'NA'),
(741, 26, 27, 'Redonda'),
(742, 26, 28, 'Redonda'),
(743, 26, 29, 'Escudo de España flanqueado por iniciales en toda la circunferencia'),
(744, 26, 30, '\"*PHILIP•V•D•G•HISPAN•ET IND•REX •MF\"'),
(745, 26, 31, 'Felipe V por la gracias de Dios rey de España y de las Indias'),
(746, 26, 32, 'Columnas coronadas con leyenda alrededor y fecha en la parte inferior'),
(747, 26, 33, '\"*VTRAQUE VNVM* Mo*1735*Mo\"'),
(748, 26, 34, 'Tanto como uno'),
(749, 26, 35, ''),
(750, 26, 36, ''),
(751, 26, 37, ''),
(752, 26, 39, ''),
(753, 26, 40, ''),
(754, 26, 41, ''),
(755, 26, 44, ''),
(756, 26, 45, ''),
(757, 26, 11, 'KM-65'),
(758, 26, 3, 'M05-35'),
(759, 27, 2, '1/2 Real'),
(760, 27, 15, '1/2'),
(761, 27, 14, '1735/4'),
(762, 27, 1, 'Felipe V'),
(763, 27, 18, 'Circulante común'),
(764, 27, 16, 'Real'),
(765, 27, 9, 'Coloniales: Columnarias'),
(766, 27, 13, 'Mo (México)'),
(767, 27, 17, 'MF'),
(768, 27, 12, 'NA'),
(769, 27, 19, 'Común'),
(770, 27, 20, 'Si'),
(771, 27, 23, 'Plata (0.9170)'),
(772, 27, 24, '1,6917'),
(773, 27, 25, 'NA'),
(774, 27, 26, 'NA'),
(775, 27, 27, 'Redonda'),
(776, 27, 28, 'Redonda'),
(777, 27, 29, 'Escudo de España flanqueado por iniciales en toda la circunferencia'),
(778, 27, 30, '\"*PHILIP•V•D•G•HISPAN•ET IND•REX •MF\"'),
(779, 27, 31, 'Felipe V por la gracias de Dios rey de España y de las Indias'),
(780, 27, 32, 'Columnas coronadas con leyenda alrededor y fecha en la parte inferior'),
(781, 27, 33, '\"*VTRAQUE VNVM* Mo*1735*Mo\"'),
(782, 27, 34, 'Tanto como uno'),
(783, 27, 35, ''),
(784, 27, 36, ''),
(785, 27, 37, ''),
(786, 27, 39, '1735/4'),
(787, 27, 40, ''),
(788, 27, 41, ''),
(789, 27, 44, ''),
(790, 27, 45, ''),
(791, 27, 11, 'KM-65'),
(792, 27, 3, 'M05-35a'),
(793, 28, 2, '1/2 Real'),
(794, 28, 15, '1/2'),
(795, 28, 14, '1735/3'),
(796, 28, 1, 'Felipe V'),
(797, 28, 18, 'Circulante común'),
(798, 28, 16, 'Real'),
(799, 28, 9, 'Coloniales: Columnarias'),
(800, 28, 13, 'Mo (México)'),
(801, 28, 17, 'MF'),
(802, 28, 12, 'NA'),
(803, 28, 19, 'Común'),
(804, 28, 20, 'Si'),
(805, 28, 23, 'Plata (0.9170)'),
(806, 28, 24, '1,6917'),
(807, 28, 25, 'NA'),
(808, 28, 26, 'NA'),
(809, 28, 27, 'Redonda'),
(810, 28, 28, 'Redonda'),
(811, 28, 29, 'Escudo de España flanqueado por iniciales en toda la circunferencia'),
(812, 28, 30, '\"*PHILIP•V•D•G•HISPAN•ET IND•REX •MF\"'),
(813, 28, 31, 'Felipe V por la gracias de Dios rey de España y de las Indias'),
(814, 28, 32, 'Columnas coronadas con leyenda alrededor y fecha en la parte inferior'),
(815, 28, 33, '\"*VTRAQUE VNVM* Mo*1735*Mo\"'),
(816, 28, 34, 'Tanto como uno'),
(817, 28, 35, ''),
(818, 28, 36, ''),
(819, 28, 37, ''),
(820, 28, 39, '1735/3 o 1735/4/3 o 1735/5/3 '),
(821, 28, 40, ''),
(822, 28, 41, ''),
(823, 28, 44, ''),
(824, 28, 45, ''),
(825, 28, 11, 'KM-65'),
(826, 28, 3, 'M05-35b'),
(827, 29, 2, '1/2 Real'),
(828, 29, 15, '1/2'),
(829, 29, 14, '1736'),
(830, 29, 1, 'Felipe V'),
(831, 29, 18, 'Circulante común'),
(832, 29, 16, 'Real'),
(833, 29, 9, 'Coloniales: Columnarias'),
(834, 29, 13, 'Mo (México)'),
(835, 29, 17, 'MF'),
(836, 29, 12, 'NA'),
(837, 29, 19, 'Común'),
(838, 29, 20, 'Si'),
(839, 29, 23, 'Plata (0.9170)'),
(840, 29, 24, '1,6917'),
(841, 29, 25, 'NA'),
(842, 29, 26, 'NA'),
(843, 29, 27, 'Redonda'),
(844, 29, 28, 'Redonda'),
(845, 29, 29, 'Escudo de España flanqueado por iniciales en toda la circunferencia'),
(846, 29, 30, '\"*PHILIP•V•D•G•HISPAN•ET IND•REX •MF\"'),
(847, 29, 31, 'Felipe V por la gracias de Dios rey de España y de las Indias'),
(848, 29, 32, 'Columnas coronadas con leyenda alrededor y fecha en la parte inferior'),
(849, 29, 33, '\"*VTRAQUE VNVM* Mo*1736*Mo\"'),
(850, 29, 34, 'Tanto como uno'),
(851, 29, 35, ''),
(852, 29, 36, ''),
(853, 29, 37, ''),
(854, 29, 39, ''),
(855, 29, 40, ''),
(856, 29, 41, ''),
(857, 29, 44, ''),
(858, 29, 45, ''),
(859, 29, 11, 'KM-65'),
(860, 29, 3, 'M05-36'),
(861, 30, 2, '1/2 Real'),
(862, 30, 15, '1/2'),
(863, 30, 14, '1736/5'),
(864, 30, 1, 'Felipe V'),
(865, 30, 18, 'Circulante común'),
(866, 30, 16, 'Real'),
(867, 30, 9, 'Coloniales: Columnarias'),
(868, 30, 13, 'Mo (México)'),
(869, 30, 17, 'MF'),
(870, 30, 12, 'NA'),
(871, 30, 19, 'Común'),
(872, 30, 20, 'Si'),
(873, 30, 23, 'Plata (0.9170)'),
(874, 30, 24, '1,6917'),
(875, 30, 25, 'NA'),
(876, 30, 26, 'NA'),
(877, 30, 27, 'Redonda'),
(878, 30, 28, 'Redonda'),
(879, 30, 29, 'Escudo de España flanqueado por iniciales en toda la circunferencia'),
(880, 30, 30, '\"*PHILIP•V•D•G•HISPAN•ET IND•REX •MF\"'),
(881, 30, 31, 'Columnas coronadas con leyenda alrededor y fecha en la parte inferior'),
(882, 30, 32, 'Columnas coronadas con leyenda alrededor y fecha en la parte inferior'),
(883, 30, 33, '\"*VTRAQUE VNVM* Mo*1736*Mo\"'),
(884, 30, 34, 'Tanto como uno'),
(885, 30, 35, ''),
(886, 30, 36, ''),
(887, 30, 37, ''),
(888, 30, 39, '1736/5'),
(889, 30, 40, ''),
(890, 30, 41, ''),
(891, 30, 44, ''),
(892, 30, 45, ''),
(893, 30, 11, 'KM-65'),
(894, 30, 3, 'M05-36a'),
(895, 31, 2, '1/2 Real'),
(896, 31, 15, '1/2'),
(897, 31, 14, '1736'),
(898, 31, 1, 'Felipe V'),
(899, 31, 18, 'Circulante común'),
(900, 31, 16, 'Real'),
(901, 31, 9, 'Coloniales: Columnarias'),
(902, 31, 13, 'Mo (México)'),
(903, 31, 17, 'MF'),
(904, 31, 12, 'NA'),
(905, 31, 19, 'Común'),
(906, 31, 20, 'Si'),
(907, 31, 23, 'Plata (0.9170)'),
(908, 31, 24, '1,6917'),
(909, 31, 25, 'NA'),
(910, 31, 26, 'NA'),
(911, 31, 27, 'Redonda'),
(912, 31, 28, 'Redonda'),
(913, 31, 29, 'Escudo de España flanqueado por iniciales en toda la circunferencia'),
(914, 31, 30, '\"*PHILIP•V•D•G•HISPAN•ET IND•REX •MF\"'),
(915, 31, 31, 'Felipe V por la gracias de Dios rey de España y de las Indias'),
(916, 31, 32, 'Columnas coronadas con leyenda alrededor y fecha en la parte inferior'),
(917, 31, 33, '\"*VTRAQUE VNVM* Mo*1736*Mo\"'),
(918, 31, 34, 'Tanto como uno'),
(919, 31, 35, ''),
(920, 31, 36, ''),
(921, 31, 37, ''),
(922, 31, 39, ''),
(923, 31, 40, ''),
(924, 31, 41, ''),
(925, 31, 44, ''),
(926, 31, 45, ''),
(927, 31, 11, 'KM-65'),
(928, 31, 3, 'M05-36b'),
(929, 32, 2, '1/2 Real'),
(930, 32, 15, '1/2'),
(931, 32, 14, '1737'),
(932, 32, 1, 'Felipe V'),
(933, 32, 18, 'Circulante común'),
(934, 32, 16, 'Real'),
(935, 32, 9, 'Coloniales: Columnarias'),
(936, 32, 13, 'Mo (México)'),
(937, 32, 17, 'MF'),
(938, 32, 12, 'NA'),
(939, 32, 19, 'Común'),
(940, 32, 20, 'Si'),
(941, 32, 23, 'Plata (0.9170)'),
(942, 32, 24, '1,6917'),
(943, 32, 25, 'NA'),
(944, 32, 26, 'NA'),
(945, 32, 27, 'Redonda'),
(946, 32, 28, 'Redonda'),
(947, 32, 29, 'Escudo de España flanqueado por iniciales en toda la circunferencia'),
(948, 32, 30, '\"*PHILIP•V•D•G•HISPAN•ET IND•REX •MF\"'),
(949, 32, 31, 'Felipe V por la gracias de Dios rey de España y de las Indias'),
(950, 32, 32, 'Columnas coronadas con leyenda alrededor y fecha en la parte inferior'),
(951, 32, 33, '\"*VTRAQUE VNVM* Mo*1737*Mo\"'),
(952, 32, 34, 'Tanto como uno'),
(953, 32, 35, ''),
(954, 32, 36, ''),
(955, 32, 37, ''),
(956, 32, 39, ''),
(957, 32, 40, ''),
(958, 32, 41, ''),
(959, 32, 44, ''),
(960, 32, 45, ''),
(961, 32, 11, 'KM-65'),
(962, 32, 3, 'M05-37'),
(963, 33, 2, '1/2 Real'),
(964, 33, 15, '1/2'),
(965, 33, 14, '1737/6'),
(966, 33, 1, 'Felipe V'),
(967, 33, 18, 'Circulante común'),
(968, 33, 16, 'Real'),
(969, 33, 9, 'Coloniales: Columnarias'),
(970, 33, 13, 'Mo (México)'),
(971, 33, 17, 'MF'),
(972, 33, 12, 'NA'),
(973, 33, 19, 'Común'),
(974, 33, 20, 'Si'),
(975, 33, 23, 'Plata (0.9170)'),
(976, 33, 24, '1,6917'),
(977, 33, 25, 'NA'),
(978, 33, 26, 'NA'),
(979, 33, 27, 'Redonda'),
(980, 33, 28, 'Redonda'),
(981, 33, 29, 'Escudo de España flanqueado por iniciales en toda la circunferencia'),
(982, 33, 30, '\"*PHILIP•V•D•G•HISPAN•ET IND•REX •MF\"'),
(983, 33, 31, 'Felipe V por la gracias de Dios rey de España y de las Indias'),
(984, 33, 32, 'Columnas coronadas con leyenda alrededor y fecha en la parte inferior'),
(985, 33, 33, '\"*VTRAQUE VNVM* Mo*1737*Mo\"'),
(986, 33, 34, 'Tanto como uno'),
(987, 33, 35, ''),
(988, 33, 36, ''),
(989, 33, 37, ''),
(990, 33, 39, '1737/6'),
(991, 33, 40, ''),
(992, 33, 41, ''),
(993, 33, 44, ''),
(994, 33, 45, ''),
(995, 33, 11, 'KM-65'),
(996, 33, 3, 'M05-37a'),
(997, 34, 2, '1/2 Real'),
(998, 34, 15, '1/2'),
(999, 34, 14, '1737'),
(1000, 34, 1, 'Felipe V'),
(1001, 34, 18, 'Circulante común'),
(1002, 34, 16, 'Real'),
(1003, 34, 9, 'Coloniales: Columnarias'),
(1004, 34, 13, 'Mo (México)'),
(1005, 34, 17, 'MF'),
(1006, 34, 12, 'NA'),
(1007, 34, 19, 'Común'),
(1008, 34, 20, 'Si'),
(1009, 34, 23, 'Plata (0.9170)'),
(1010, 34, 24, '1,6917'),
(1011, 34, 25, 'NA'),
(1012, 34, 26, 'NA'),
(1013, 34, 27, 'Redonda'),
(1014, 34, 28, 'Redonda'),
(1015, 34, 29, 'Escudo de España flanqueado por iniciales en toda la circunferencia'),
(1016, 34, 30, '\"*PHILIP•V•D•G•HISPAN•ET IND•REX •MF\"'),
(1017, 34, 31, 'Felipe V por la gracias de Dios rey de España y de las Indias'),
(1018, 34, 32, 'Columnas coronadas con leyenda alrededor y fecha en la parte inferior'),
(1019, 34, 33, '\"*VTRAQUE VNVM* Mo*1737*Mo\"'),
(1020, 34, 34, 'Tanto como uno'),
(1021, 34, 35, ''),
(1022, 34, 36, ''),
(1023, 34, 37, ''),
(1024, 34, 39, ''),
(1025, 34, 40, ''),
(1026, 34, 41, 'F del ensayador -larga-'),
(1027, 34, 44, ''),
(1028, 34, 45, ''),
(1029, 34, 11, 'KM-65'),
(1030, 34, 3, 'M05-37b'),
(1031, 35, 2, '1/2 Real'),
(1032, 35, 15, '1/2'),
(1033, 35, 14, '1738'),
(1034, 35, 1, 'Felipe V'),
(1035, 35, 18, 'Circulante común'),
(1036, 35, 16, 'Real'),
(1037, 35, 9, 'Coloniales: Columnarias'),
(1038, 35, 13, 'Mo (México)'),
(1039, 35, 17, 'MF'),
(1040, 35, 12, 'NA'),
(1041, 35, 19, 'Común'),
(1042, 35, 20, 'Si'),
(1043, 35, 23, 'Plata (0.9170)'),
(1044, 35, 24, '1,6917'),
(1045, 35, 25, 'NA'),
(1046, 35, 26, 'NA'),
(1047, 35, 27, 'Redonda'),
(1048, 35, 28, 'Redonda'),
(1049, 35, 29, 'Escudo de España flanqueado por iniciales en toda la circunferencia'),
(1050, 35, 30, '\"*PHILIP•V•D•G•HISPAN•ET IND•REX •MF\"'),
(1051, 35, 31, 'Felipe V por la gracias de Dios rey de España y de las Indias'),
(1052, 35, 32, 'Columnas coronadas con leyenda alrededor y fecha en la parte inferior'),
(1053, 35, 33, '\"*VTRAQUE VNVM* Mo*1738*Mo\"'),
(1054, 35, 34, 'Tanto como uno'),
(1055, 35, 35, ''),
(1056, 35, 36, ''),
(1057, 35, 37, ''),
(1058, 35, 39, ''),
(1059, 35, 40, ''),
(1060, 35, 41, ''),
(1061, 35, 44, ''),
(1062, 35, 45, ''),
(1063, 35, 11, 'KM-65'),
(1064, 35, 3, 'M05-38'),
(1065, 36, 2, '1/2 Real'),
(1066, 36, 15, '1/2'),
(1067, 36, 14, '1738/7'),
(1068, 36, 1, 'Felipe V'),
(1069, 36, 18, 'Circulante común'),
(1070, 36, 16, 'Real'),
(1071, 36, 9, 'Coloniales: Columnarias'),
(1072, 36, 13, 'Mo (México)'),
(1073, 36, 17, 'MF'),
(1074, 36, 12, 'NA'),
(1075, 36, 19, 'Común'),
(1076, 36, 20, 'Si'),
(1077, 36, 23, 'Plata (0.9170)'),
(1078, 36, 24, '1,6917'),
(1079, 36, 25, 'NA'),
(1080, 36, 26, 'NA'),
(1081, 36, 27, 'Redonda'),
(1082, 36, 28, 'Redonda'),
(1083, 36, 29, 'Escudo de España flanqueado por iniciales en toda la circunferencia'),
(1084, 36, 30, '\"*PHILIP•V•D•G•HISPAN•ET IND•REX •MF\"'),
(1085, 36, 31, 'Felipe V por la gracias de Dios rey de España y de las Indias'),
(1086, 36, 32, 'Columnas coronadas con leyenda alrededor y fecha en la parte inferior'),
(1087, 36, 33, '\"*VTRAQUE VNVM* Mo*1738*Mo\"'),
(1088, 36, 34, 'Tanto como uno'),
(1089, 36, 35, ''),
(1090, 36, 36, ''),
(1091, 36, 37, ''),
(1092, 36, 39, '1738/7'),
(1093, 36, 40, ''),
(1094, 36, 41, ''),
(1095, 36, 44, ''),
(1096, 36, 45, ''),
(1097, 36, 11, 'KM-65'),
(1098, 36, 3, 'M05-38a'),
(1099, 37, 2, '1/2 Real'),
(1100, 37, 15, '1/2'),
(1101, 37, 14, '1738'),
(1102, 37, 1, 'Felipe V'),
(1103, 37, 18, 'Circulante común'),
(1104, 37, 16, 'Real'),
(1105, 37, 9, 'Coloniales: Columnarias'),
(1106, 37, 13, 'Mo (México)'),
(1107, 37, 17, 'MF'),
(1108, 37, 12, 'NA'),
(1109, 37, 19, 'Común'),
(1110, 37, 20, 'Si'),
(1111, 37, 23, 'Plata (0.9170)'),
(1112, 37, 24, '1,6917'),
(1113, 37, 25, 'NA'),
(1114, 37, 26, 'NA'),
(1115, 37, 27, 'Redonda'),
(1116, 37, 28, 'Redonda'),
(1117, 37, 29, 'Escudo de España flanqueado por iniciales en toda la circunferencia'),
(1118, 37, 30, '\"*PHILIP•V•D•G•HISPAN•ET IND•REX •MF\"'),
(1119, 37, 31, 'Felipe V por la gracias de Dios rey de España y de las Indias'),
(1120, 37, 32, 'Columnas coronadas con leyenda alrededor y fecha en la parte inferior'),
(1121, 37, 33, '\"*VTRAQUE VNVM* Mo*1738*Mo\"'),
(1122, 37, 34, 'Tanto como uno'),
(1123, 37, 35, ''),
(1124, 37, 36, ''),
(1125, 37, 37, ''),
(1126, 37, 39, ''),
(1127, 37, 40, ''),
(1128, 37, 41, ''),
(1129, 37, 44, ''),
(1130, 37, 45, ''),
(1131, 37, 11, 'KM-65'),
(1132, 37, 3, 'M05-38b'),
(1133, 38, 2, '1/2 Real'),
(1134, 38, 15, '1/2'),
(1135, 38, 14, '1739'),
(1136, 38, 1, 'Felipe V'),
(1137, 38, 18, 'Circulante común'),
(1138, 38, 16, 'Real'),
(1139, 38, 9, 'Coloniales: Columnarias'),
(1140, 38, 13, 'Mo (México)'),
(1141, 38, 17, 'MF'),
(1142, 38, 12, 'NA'),
(1143, 38, 19, 'Común'),
(1144, 38, 20, 'Si'),
(1145, 38, 23, 'Plata (0.9170)'),
(1146, 38, 24, '1,6917'),
(1147, 38, 25, 'NA'),
(1148, 38, 26, 'NA'),
(1149, 38, 27, 'Redonda'),
(1150, 38, 28, 'Redonda'),
(1151, 38, 29, 'Escudo de España flanqueado por iniciales en toda la circunferencia'),
(1152, 38, 30, '\"*PHILIP•V•D•G•HISPAN•ET IND•REX •MF\"'),
(1153, 38, 31, 'Felipe V por la gracias de Dios rey de España y de las Indias'),
(1154, 38, 32, 'Columnas coronadas con leyenda alrededor y fecha en la parte inferior'),
(1155, 38, 33, '\"*VTRAQUE VNVM* Mo*1739*Mo\"'),
(1156, 38, 34, 'Tanto como uno'),
(1157, 38, 35, ''),
(1158, 38, 36, ''),
(1159, 38, 37, ''),
(1160, 38, 39, ''),
(1161, 38, 40, ''),
(1162, 38, 41, ''),
(1163, 38, 44, ''),
(1164, 38, 45, ''),
(1165, 38, 11, 'KM-65'),
(1166, 38, 3, 'M05-39'),
(1167, 39, 2, '1/2 Real'),
(1168, 39, 15, '1/2'),
(1169, 39, 14, '1740'),
(1170, 39, 1, 'Felipe V'),
(1171, 39, 18, 'Circulante común'),
(1172, 39, 16, 'Real'),
(1173, 39, 9, 'Coloniales: Columnarias'),
(1174, 39, 13, 'Mo (México)'),
(1175, 39, 17, 'MF'),
(1176, 39, 12, 'NA'),
(1177, 39, 19, 'Común'),
(1178, 39, 20, 'Si'),
(1179, 39, 23, 'Plata (0.9170)'),
(1180, 39, 24, '1,6917'),
(1181, 39, 25, 'NA'),
(1182, 39, 26, 'NA'),
(1183, 39, 27, 'Redonda'),
(1184, 39, 28, 'Redonda'),
(1185, 39, 29, 'Escudo de España flanqueado por iniciales en toda la circunferencia'),
(1186, 39, 30, '\"*PHILIP•V•D•G•HISPAN•ET IND•REX •MF\"'),
(1187, 39, 31, 'Felipe V por la gracias de Dios rey de España y de las Indias'),
(1188, 39, 32, 'Columnas coronadas con leyenda alrededor y fecha en la parte inferior'),
(1189, 39, 33, '\"*VTRAQUE VNVM* Mo*1740*Mo\"'),
(1190, 39, 34, 'Tanto como uno'),
(1191, 39, 35, ''),
(1192, 39, 36, ''),
(1193, 39, 37, ''),
(1194, 39, 39, ''),
(1195, 39, 40, ''),
(1196, 39, 41, ''),
(1197, 39, 44, ''),
(1198, 39, 45, ''),
(1199, 39, 11, 'KM-65'),
(1200, 39, 3, 'M05-40'),
(1201, 40, 2, '1/2 Real'),
(1202, 40, 15, '1/2'),
(1203, 40, 14, '1740/30'),
(1204, 40, 1, 'Felipe V'),
(1205, 40, 18, 'Circulante común'),
(1206, 40, 16, 'Real'),
(1207, 40, 9, 'Coloniales: Columnarias'),
(1208, 40, 13, 'Mo (México)'),
(1209, 40, 17, 'MF'),
(1210, 40, 12, 'NA'),
(1211, 40, 19, 'Común'),
(1212, 40, 20, 'Si'),
(1213, 40, 23, 'Plata (0.9170)'),
(1214, 40, 24, '1,6917'),
(1215, 40, 25, 'NA'),
(1216, 40, 26, 'NA'),
(1217, 40, 27, 'Redonda'),
(1218, 40, 28, 'Redonda'),
(1219, 40, 29, 'Escudo de España flanqueado por iniciales en toda la circunferencia'),
(1220, 40, 30, '\"*PHILIP•V•D•G•HISPAN•ET IND•REX •MF\"'),
(1221, 40, 31, 'Felipe V por la gracias de Dios rey de España y de las Indias'),
(1222, 40, 32, 'Columnas coronadas con leyenda alrededor y fecha en la parte inferior'),
(1223, 40, 33, '\"*VTRAQUE VNVM* Mo*1740*Mo\"'),
(1224, 40, 34, 'Tanto como uno'),
(1225, 40, 35, ''),
(1226, 40, 36, ''),
(1227, 40, 37, ''),
(1228, 40, 39, '1740/30'),
(1229, 40, 40, ''),
(1230, 40, 41, ''),
(1231, 40, 44, ''),
(1232, 40, 45, ''),
(1233, 40, 11, 'KM-65'),
(1234, 40, 3, 'M05-40a'),
(1235, 41, 2, '1/2 Real'),
(1236, 41, 15, '1/2'),
(1237, 41, 14, '1741'),
(1238, 41, 1, 'Felipe V'),
(1239, 41, 18, 'Circulante común'),
(1240, 41, 16, 'Real'),
(1241, 41, 9, 'Coloniales: Columnarias'),
(1242, 41, 13, 'Mo (México)'),
(1243, 41, 17, 'MF'),
(1244, 41, 12, 'NA'),
(1245, 41, 19, 'Común'),
(1246, 41, 20, 'Si'),
(1247, 41, 23, 'Plata (0.9170)'),
(1248, 41, 24, '1,6917'),
(1249, 41, 25, 'NA'),
(1250, 41, 26, 'NA'),
(1251, 41, 27, 'Redonda'),
(1252, 41, 28, 'Redonda'),
(1253, 41, 29, 'Escudo de España flanqueado por iniciales en toda la circunferencia'),
(1254, 41, 30, '\"*PHILIP•V•D•G•HISPAN•ET IND•REX •MF\"'),
(1255, 41, 31, 'Felipe V por la gracias de Dios rey de España y de las Indias'),
(1256, 41, 32, 'Columnas coronadas con leyenda alrededor y fecha en la parte inferior'),
(1257, 41, 33, '\"*VTRAQUE VNVM* Mo*1741*Mo\"'),
(1258, 41, 34, 'Tanto como uno'),
(1259, 41, 35, ''),
(1260, 41, 36, ''),
(1261, 41, 37, ''),
(1262, 41, 39, ''),
(1263, 41, 40, ''),
(1264, 41, 41, ''),
(1265, 41, 44, ''),
(1266, 41, 45, ''),
(1267, 41, 11, 'KM-65'),
(1268, 41, 3, 'M05-41'),
(1269, 42, 2, '1/2 Real'),
(1270, 42, 15, '1/2'),
(1271, 42, 14, '1742'),
(1272, 42, 1, 'Felipe V'),
(1273, 42, 18, 'Circulante común'),
(1274, 42, 16, 'Real'),
(1275, 42, 9, 'Coloniales: Columnarias'),
(1276, 42, 13, 'Mo (México)'),
(1277, 42, 17, 'M'),
(1278, 42, 12, 'NA'),
(1279, 42, 19, 'Común'),
(1280, 42, 20, 'Si'),
(1281, 42, 23, 'Plata (0.9170)'),
(1282, 42, 24, '1,69'),
(1283, 42, 25, 'NA'),
(1284, 42, 26, 'NA'),
(1285, 42, 27, 'Redonda'),
(1286, 42, 28, 'Redonda'),
(1287, 42, 29, 'Escudo de España flanqueado por iniciales en toda la circunferencia'),
(1288, 42, 30, '•PHS•V•D•G•HISP•ETIND•R•'),
(1289, 42, 31, 'Felipe V por la gracias de Dios rey de España y de las Indias'),
(1290, 42, 32, 'Columnas coronadas con leyenda alrededor y fecha en la parte inferior'),
(1291, 42, 33, '\"VTRA QUE VNVM • Mo • 1742 • M\"'),
(1292, 42, 34, 'Tanto como uno'),
(1293, 42, 35, ''),
(1294, 42, 36, ''),
(1295, 42, 37, ''),
(1296, 42, 39, ''),
(1297, 42, 40, ''),
(1298, 42, 41, 'No hay punto entre fecha y ensayador'),
(1299, 42, 44, ''),
(1300, 42, 45, ''),
(1301, 42, 11, 'KM-66'),
(1302, 42, 3, 'M05-42a'),
(1303, 43, 2, '1/2 Real'),
(1304, 43, 15, '1/2'),
(1305, 43, 14, '1742'),
(1306, 43, 1, 'Felipe V'),
(1307, 43, 18, 'Circulante común'),
(1308, 43, 16, 'Real'),
(1309, 43, 9, 'Coloniales: Columnarias'),
(1310, 43, 13, 'Mo (México)'),
(1311, 43, 17, 'M'),
(1312, 43, 12, 'NA'),
(1313, 43, 19, 'Común'),
(1314, 43, 20, 'Si'),
(1315, 43, 23, 'Plata (0.9170)'),
(1316, 43, 24, '1,69'),
(1317, 43, 25, 'NA'),
(1318, 43, 26, 'NA'),
(1319, 43, 27, 'Redonda'),
(1320, 43, 28, 'Redonda'),
(1321, 43, 29, 'Escudo de España flanqueado por iniciales en toda la circunferencia'),
(1322, 43, 30, '•PHS•V•D•G•HISP•ETIND•R•'),
(1323, 43, 31, 'Felipe V por la gracias de Dios rey de España y de las Indias'),
(1324, 43, 32, 'Columnas coronadas con leyenda alrededor y fecha en la parte inferior'),
(1325, 43, 33, '\"VTRA QUE VNVM • Mo • 1742 • M\"'),
(1326, 43, 34, 'Tanto como uno'),
(1327, 43, 35, ''),
(1328, 43, 36, ''),
(1329, 43, 37, ''),
(1330, 43, 39, ''),
(1331, 43, 40, ''),
(1332, 43, 41, ''),
(1333, 43, 44, ''),
(1334, 43, 45, ''),
(1335, 43, 11, 'KM-66'),
(1336, 43, 3, 'M05-42'),
(1337, 44, 2, '1/2 Real'),
(1338, 44, 15, '1/2'),
(1339, 44, 14, '1743'),
(1340, 44, 1, 'Felipe V'),
(1341, 44, 18, 'Circulante común'),
(1342, 44, 16, 'Real'),
(1343, 44, 9, 'Coloniales: Columnarias'),
(1344, 44, 13, 'Mo (México)'),
(1345, 44, 17, 'M'),
(1346, 44, 12, 'NA'),
(1347, 44, 19, 'Común'),
(1348, 44, 20, 'Si'),
(1349, 44, 23, 'Plata (0.9170)'),
(1350, 44, 24, '1,69'),
(1351, 44, 25, 'NA'),
(1352, 44, 26, 'NA'),
(1353, 44, 27, 'Redonda'),
(1354, 44, 28, 'Redonda'),
(1355, 44, 29, 'Escudo de España flanqueado por iniciales en toda la circunferencia'),
(1356, 44, 30, '•PHS•V•D•G•HISP•ETIND•R•'),
(1357, 44, 31, 'Felipe V por la gracias de Dios rey de España y de las Indias'),
(1358, 44, 32, 'Columnas coronadas con leyenda alrededor y fecha en la parte inferior'),
(1359, 44, 33, '\"VTRA QUE VNVM • Mo • 1743 • M\"'),
(1360, 44, 34, 'Tanto como uno'),
(1361, 44, 35, ''),
(1362, 44, 36, ''),
(1363, 44, 37, ''),
(1364, 44, 39, ''),
(1365, 44, 40, ''),
(1366, 44, 41, ''),
(1367, 44, 44, ''),
(1368, 44, 45, ''),
(1369, 44, 11, 'KM-66'),
(1370, 44, 3, 'M05-43'),
(1371, 45, 2, '1/2 Real'),
(1372, 45, 15, '1/2'),
(1373, 45, 14, '1743/2'),
(1374, 45, 1, 'Felipe V'),
(1375, 45, 18, 'Circulante común'),
(1376, 45, 16, 'Real'),
(1377, 45, 9, 'Coloniales: Columnarias'),
(1378, 45, 13, 'Mo (México)'),
(1379, 45, 17, 'M'),
(1380, 45, 12, 'NA'),
(1381, 45, 19, 'Común'),
(1382, 45, 20, 'Si'),
(1383, 45, 23, 'Plata (0.9170)'),
(1384, 45, 24, '1,69'),
(1385, 45, 25, 'NA'),
(1386, 45, 26, 'NA'),
(1387, 45, 27, 'Redonda'),
(1388, 45, 28, 'Redonda'),
(1389, 45, 29, 'Escudo de España flanqueado por iniciales en toda la circunferencia'),
(1390, 45, 30, '•PHS•V•D•G•HISP•ETIND•R•'),
(1391, 45, 31, 'Felipe V por la gracias de Dios rey de España y de las Indias'),
(1392, 45, 32, 'Columnas coronadas con leyenda alrededor y fecha en la parte inferior'),
(1393, 45, 33, '\"VTRA QUE VNVM • Mo • 1743 • M\"'),
(1394, 45, 34, 'Tanto como uno'),
(1395, 45, 35, ''),
(1396, 45, 36, ''),
(1397, 45, 37, ''),
(1398, 45, 39, '1743/2 M'),
(1399, 45, 40, ''),
(1400, 45, 41, ''),
(1401, 45, 44, ''),
(1402, 45, 45, ''),
(1403, 45, 11, 'KM-66'),
(1404, 45, 3, 'M05-43a'),
(1405, 46, 2, '1/2 Real'),
(1406, 46, 15, '1/2'),
(1407, 46, 14, '1744'),
(1408, 46, 1, 'Felipe V'),
(1409, 46, 18, 'Circulante común'),
(1410, 46, 16, 'Real'),
(1411, 46, 9, 'Coloniales: Columnarias'),
(1412, 46, 13, 'Mo (México)'),
(1413, 46, 17, 'M'),
(1414, 46, 12, 'NA'),
(1415, 46, 19, 'Común'),
(1416, 46, 20, 'Si'),
(1417, 46, 23, 'Plata (0.9170)'),
(1418, 46, 24, '1,69'),
(1419, 46, 25, 'NA'),
(1420, 46, 26, 'NA'),
(1421, 46, 27, 'Redonda'),
(1422, 46, 28, 'Redonda'),
(1423, 46, 29, 'Escudo de España flanqueado por iniciales en toda la circunferencia'),
(1424, 46, 30, '•PHS•V•D•G•HISP•ETIND•R•'),
(1425, 46, 31, 'Felipe V por la gracias de Dios rey de España y de las Indias'),
(1426, 46, 32, 'Columnas coronadas con leyenda alrededor y fecha en la parte inferior'),
(1427, 46, 33, '\"VTRA QUE VNVM • Mo • 1744 • M\"'),
(1428, 46, 34, 'Tanto como uno'),
(1429, 46, 35, ''),
(1430, 46, 36, ''),
(1431, 46, 37, ''),
(1432, 46, 39, ''),
(1433, 46, 40, ''),
(1434, 46, 41, ''),
(1435, 46, 44, ''),
(1436, 46, 45, ''),
(1437, 46, 11, 'KM-66'),
(1438, 46, 3, 'M05-44'),
(1439, 47, 2, '1/2 Real'),
(1440, 47, 15, '1/2'),
(1441, 47, 14, '1744/3'),
(1442, 47, 1, 'Felipe V'),
(1443, 47, 18, 'Circulante común'),
(1444, 47, 16, 'Real'),
(1445, 47, 9, 'Coloniales: Columnarias'),
(1446, 47, 13, 'Mo (México)'),
(1447, 47, 17, 'M'),
(1448, 47, 12, 'NA'),
(1449, 47, 19, 'Común'),
(1450, 47, 20, 'Si'),
(1451, 47, 23, 'Plata (0.9170)'),
(1452, 47, 24, '1,69'),
(1453, 47, 25, 'NA'),
(1454, 47, 26, 'NA'),
(1455, 47, 27, 'Redonda'),
(1456, 47, 28, 'Redonda'),
(1457, 47, 29, 'Escudo de España flanqueado por iniciales en toda la circunferencia'),
(1458, 47, 30, '•PHS•V•D•G•HISP•ETIND•R•'),
(1459, 47, 31, 'Felipe V por la gracias de Dios rey de España y de las Indias'),
(1460, 47, 32, 'Columnas coronadas con leyenda alrededor y fecha en la parte inferior'),
(1461, 47, 33, '\"VTRA QUE VNVM • Mo • 1744 • M\"'),
(1462, 47, 34, 'Tanto como uno'),
(1463, 47, 35, ''),
(1464, 47, 36, ''),
(1465, 47, 37, ''),
(1466, 47, 39, '1744/3 M'),
(1467, 47, 40, ''),
(1468, 47, 41, ''),
(1469, 47, 44, ''),
(1470, 47, 45, ''),
(1471, 47, 11, 'KM-66'),
(1472, 47, 3, 'M05-44a'),
(1473, 48, 2, '1/2 Real'),
(1474, 48, 15, '1/2'),
(1475, 48, 14, '1745'),
(1476, 48, 1, 'Felipe V'),
(1477, 48, 18, 'Circulante común'),
(1478, 48, 16, 'Real'),
(1479, 48, 9, 'Coloniales: Columnarias'),
(1480, 48, 13, 'Mo (México)'),
(1481, 48, 17, 'M'),
(1482, 48, 12, 'NA'),
(1483, 48, 19, 'Común'),
(1484, 48, 20, 'Si'),
(1485, 48, 23, 'Plata (0.9170)'),
(1486, 48, 24, '1,69'),
(1487, 48, 25, 'NA'),
(1488, 48, 26, 'NA'),
(1489, 48, 27, 'Redonda'),
(1490, 48, 28, 'Redonda'),
(1491, 48, 29, 'Escudo de España flanqueado por iniciales en toda la circunferencia'),
(1492, 48, 30, '•PHS•V•D•G•HISP•ETIND•R•'),
(1493, 48, 31, 'Felipe V por la gracias de Dios rey de España y de las Indias'),
(1494, 48, 32, 'Columnas coronadas con leyenda alrededor y fecha en la parte inferior'),
(1495, 48, 33, '\"VTRA QUE VNVM • Mo • 1745 • M\"'),
(1496, 48, 34, 'Tanto como uno'),
(1497, 48, 35, ''),
(1498, 48, 36, ''),
(1499, 48, 37, ''),
(1500, 48, 39, ''),
(1501, 48, 40, ''),
(1502, 48, 41, ''),
(1503, 48, 44, ''),
(1504, 48, 45, ''),
(1505, 48, 11, 'KM-66'),
(1506, 48, 3, 'M05-45'),
(1507, 49, 2, '1/2 Real'),
(1508, 49, 15, '1/2'),
(1509, 49, 14, '1746'),
(1510, 49, 1, 'Felipe V'),
(1511, 49, 18, 'Circulante común'),
(1512, 49, 16, 'Real'),
(1513, 49, 9, 'Coloniales: Columnarias'),
(1514, 49, 13, 'Mo (México)'),
(1515, 49, 17, 'M'),
(1516, 49, 12, 'NA'),
(1517, 49, 19, 'Común'),
(1518, 49, 20, 'Si'),
(1519, 49, 23, 'Plata (0.9170)'),
(1520, 49, 24, '1,69'),
(1521, 49, 25, 'NA'),
(1522, 49, 26, 'NA'),
(1523, 49, 27, 'Redonda'),
(1524, 49, 28, 'Redonda'),
(1525, 49, 29, 'Escudo de España flanqueado por iniciales en toda la circunferencia'),
(1526, 49, 30, '•PHS•V•D•G•HISP•ETIND•R•'),
(1527, 49, 31, 'Felipe V por la gracias de Dios rey de España y de las Indias'),
(1528, 49, 32, 'Columnas coronadas con leyenda alrededor y fecha en la parte inferior'),
(1529, 49, 33, '\"VTRA QUE VNVM • Mo • 1746 • M\"'),
(1530, 49, 34, 'Tanto como uno'),
(1531, 49, 35, ''),
(1532, 49, 36, ''),
(1533, 49, 37, ''),
(1534, 49, 39, ''),
(1535, 49, 40, ''),
(1536, 49, 41, ''),
(1537, 49, 44, ''),
(1538, 49, 45, ''),
(1539, 49, 11, 'KM-66'),
(1540, 49, 3, 'M05-46'),
(1541, 50, 2, '1/2 Real'),
(1542, 50, 15, '1/2'),
(1543, 50, 14, '1746'),
(1544, 50, 1, 'Felipe V'),
(1545, 50, 18, 'Circulante común'),
(1546, 50, 16, 'Real'),
(1547, 50, 9, 'Coloniales: Columnarias'),
(1548, 50, 13, 'Mo (México)'),
(1549, 50, 17, 'M'),
(1550, 50, 12, 'NA'),
(1551, 50, 19, 'Común'),
(1552, 50, 20, 'Si'),
(1553, 50, 23, 'Plata (0.9170)'),
(1554, 50, 24, '1,69'),
(1555, 50, 25, 'NA'),
(1556, 50, 26, 'NA'),
(1557, 50, 27, 'Redonda'),
(1558, 50, 28, 'Redonda'),
(1559, 50, 29, 'Escudo de España flanqueado por iniciales en toda la circunferencia'),
(1560, 50, 30, '•PHS•V•D•G•HISP•ETIND•R•'),
(1561, 50, 31, 'Felipe V por la gracias de Dios rey de España y de las Indias'),
(1562, 50, 32, 'Columnas coronadas con leyenda alrededor y fecha en la parte inferior'),
(1563, 50, 33, '\"VTRA QUE VNVM • Mo • 1746 M\"'),
(1564, 50, 34, 'Tanto como uno'),
(1565, 50, 35, ''),
(1566, 50, 36, ''),
(1567, 50, 37, ''),
(1568, 50, 39, ''),
(1569, 50, 40, ''),
(1570, 50, 41, 'No hay punto entre fecha y ensayador'),
(1571, 50, 44, ''),
(1572, 50, 45, ''),
(1573, 50, 11, 'KM-66'),
(1574, 50, 3, 'M05-46a'),
(1575, 51, 2, '1/2 Real'),
(1576, 51, 15, '1/2'),
(1577, 51, 14, '1747'),
(1578, 51, 1, 'Felipe V'),
(1579, 51, 18, 'Circulante común'),
(1580, 51, 16, 'Real'),
(1581, 51, 9, 'Coloniales: Columnarias'),
(1582, 51, 13, 'Mo (México)'),
(1583, 51, 17, 'M'),
(1584, 51, 12, 'NA'),
(1585, 51, 19, 'Común'),
(1586, 51, 20, 'Si'),
(1587, 51, 23, 'Plata (0.9170)'),
(1588, 51, 24, '1,69'),
(1589, 51, 25, 'NA'),
(1590, 51, 26, 'NA'),
(1591, 51, 27, 'Redonda'),
(1592, 51, 28, 'Redonda'),
(1593, 51, 29, 'Escudo de España flanqueado por iniciales en toda la circunferencia'),
(1594, 51, 30, '•PHS•V•D•G•HISP•ETIND•R•'),
(1595, 51, 31, 'Felipe V por la gracias de Dios rey de España y de las Indias'),
(1596, 51, 32, 'Columnas coronadas con leyenda alrededor y fecha en la parte inferior'),
(1597, 51, 33, '\"VTRA QUE VNVM • Mo • 1747 • M\"'),
(1598, 51, 34, 'Tanto como uno'),
(1599, 51, 35, ''),
(1600, 51, 36, ''),
(1601, 51, 37, ''),
(1602, 51, 39, ''),
(1603, 51, 40, ''),
(1604, 51, 41, ''),
(1605, 51, 44, ''),
(1606, 51, 45, ''),
(1607, 51, 11, 'KM-66'),
(1608, 51, 3, 'M05-47'),
(1609, 52, 2, '1/4 Real'),
(1610, 52, 15, '1/4'),
(1611, 52, 14, '1796 '),
(1612, 52, 1, 'Carlos IV'),
(1613, 52, 18, 'Circulante común'),
(1614, 52, 16, 'Real'),
(1615, 52, 9, 'Coloniales: Columnarias'),
(1616, 52, 13, 'Mo (México)'),
(1617, 52, 17, 'NA'),
(1618, 52, 12, 'NA'),
(1619, 52, 19, 'Común'),
(1620, 52, 20, 'Si'),
(1621, 52, 23, 'Plata (0.8960)'),
(1622, 52, 24, '0,8458'),
(1623, 52, 25, '11 mm'),
(1624, 52, 26, '1 mm'),
(1625, 52, 27, 'Redonda'),
(1626, 52, 28, 'Redonda'),
(1627, 52, 29, 'Castillo con valor a la derecha y ceca a la izquierda y fecha abajo'),
(1628, 52, 30, '\"Mo 1/4 1796\"'),
(1629, 52, 31, ''),
(1630, 52, 32, 'León rampante coronado a la izquierda'),
(1631, 52, 33, ''),
(1632, 52, 34, ''),
(1633, 52, 35, 'Llanura'),
(1634, 52, 36, ''),
(1635, 52, 37, ''),
(1636, 52, 39, ''),
(1637, 52, 40, ''),
(1638, 52, 41, ''),
(1639, 52, 44, 'Esta moneda se hizo para los reyes Carlos IV y Fernando VII sin ninguna distinción enre ambos, así q'),
(1640, 52, 45, ''),
(1641, 52, 11, 'KM-62'),
(1642, 53, 2, '1/4 Real'),
(1643, 53, 15, '1/4'),
(1644, 53, 14, '1797 '),
(1645, 53, 1, 'Carlos IV'),
(1646, 53, 18, 'Circulante común'),
(1647, 53, 16, 'Real'),
(1648, 53, 9, 'Coloniales: Columnarias'),
(1649, 53, 13, 'Mo (México)'),
(1650, 53, 17, 'NA'),
(1651, 53, 12, 'NA'),
(1652, 53, 19, 'Común'),
(1653, 53, 20, 'Si'),
(1654, 53, 23, 'Plata (0.8960)'),
(1655, 53, 24, '0,8458'),
(1656, 53, 25, '11 mm'),
(1657, 53, 26, '1 mm'),
(1658, 53, 27, 'Redonda'),
(1659, 53, 28, 'Redonda'),
(1660, 53, 29, 'Castillo con valor a la derecha y ceca a la izquierda y fecha abajo'),
(1661, 53, 30, '\"Mo 1/4 1797\"'),
(1662, 53, 31, ''),
(1663, 53, 32, 'León rampante coronado a la izquierda'),
(1664, 53, 33, ''),
(1665, 53, 34, ''),
(1666, 53, 35, 'Llanura'),
(1667, 53, 36, ''),
(1668, 53, 37, ''),
(1669, 53, 39, ''),
(1670, 53, 40, ''),
(1671, 53, 41, ''),
(1672, 53, 44, 'Esta moneda se hizo para los reyes Carlos IV y Fernando VII sin ninguna distinción enre ambos, así q'),
(1673, 53, 45, ''),
(1674, 53, 11, 'KM-62'),
(1675, 54, 2, '1/4 Real'),
(1676, 54, 15, '1/4'),
(1677, 54, 14, '1798 '),
(1678, 54, 1, 'Carlos IV'),
(1679, 54, 18, 'Circulante común'),
(1680, 54, 16, 'Real'),
(1681, 54, 9, 'Coloniales: Columnarias'),
(1682, 54, 13, 'Mo (México)'),
(1683, 54, 17, 'NA'),
(1684, 54, 12, 'NA'),
(1685, 54, 19, 'Común'),
(1686, 54, 20, 'Si'),
(1687, 54, 23, 'Plata (0.8960)'),
(1688, 54, 24, '0,8458'),
(1689, 54, 25, '11 mm'),
(1690, 54, 26, '1 mm'),
(1691, 54, 27, 'Redonda'),
(1692, 54, 28, 'Redonda'),
(1693, 54, 29, 'Castillo con valor a la derecha y ceca a la izquierda y fecha abajo'),
(1694, 54, 30, '\"Mo 1/4 1798\"'),
(1695, 54, 31, ''),
(1696, 54, 32, 'León rampante coronado a la izquierda'),
(1697, 54, 33, ''),
(1698, 54, 34, ''),
(1699, 54, 35, 'Llanura'),
(1700, 54, 36, ''),
(1701, 54, 37, ''),
(1702, 54, 39, ''),
(1703, 54, 40, ''),
(1704, 54, 41, ''),
(1705, 54, 44, 'Esta moneda se hizo para los reyes Carlos IV y Fernando VII sin ninguna distinción enre ambos, así q'),
(1706, 54, 45, ''),
(1707, 54, 11, 'KM-62');
INSERT INTO `atributo_monedas` (`id_atributo_moneda`, `id_moneda`, `id_atributo`, `atributo_moneda`) VALUES
(1708, 55, 2, '1/4 Real'),
(1709, 55, 15, '1/4'),
(1710, 55, 14, '1799 '),
(1711, 55, 1, 'Carlos IV'),
(1712, 55, 18, 'Circulante común'),
(1713, 55, 16, 'Real'),
(1714, 55, 9, 'Coloniales: Columnarias'),
(1715, 55, 13, 'Mo (México)'),
(1716, 55, 17, 'NA'),
(1717, 55, 12, 'NA'),
(1718, 55, 19, 'Común'),
(1719, 55, 20, 'Si'),
(1720, 55, 23, 'Plata (0.8960)'),
(1721, 55, 24, '0,8458'),
(1722, 55, 25, '11 mm'),
(1723, 55, 26, '1 mm'),
(1724, 55, 27, 'Redonda'),
(1725, 55, 28, 'Redonda'),
(1726, 55, 29, 'Castillo con valor a la derecha y ceca a la izquierda y fecha abajo'),
(1727, 55, 30, '\"Mo 1/4 1799\"'),
(1728, 55, 31, ''),
(1729, 55, 32, 'León rampante coronado a la izquierda'),
(1730, 55, 33, ''),
(1731, 55, 34, ''),
(1732, 55, 35, 'Llanura'),
(1733, 55, 36, ''),
(1734, 55, 37, ''),
(1735, 55, 39, ''),
(1736, 55, 40, ''),
(1737, 55, 41, ''),
(1738, 55, 44, 'Esta moneda se hizo para los reyes Carlos IV y Fernando VII sin ninguna distinción enre ambos, así q'),
(1739, 55, 45, ''),
(1740, 55, 11, 'KM-62'),
(1741, 56, 2, '1/4 Real'),
(1742, 56, 15, '1/4'),
(1743, 56, 14, '1799/8'),
(1744, 56, 1, 'Carlos IV'),
(1745, 56, 18, 'Circulante común'),
(1746, 56, 16, 'Real'),
(1747, 56, 9, 'Coloniales: Columnarias'),
(1748, 56, 13, ''),
(1749, 56, 17, 'NA'),
(1750, 56, 12, 'NA'),
(1751, 56, 19, 'Común'),
(1752, 56, 20, 'Si'),
(1753, 56, 23, 'Plata (0.8960)'),
(1754, 56, 24, '0,8458'),
(1755, 56, 25, '11 mm'),
(1756, 56, 26, '1 mm'),
(1757, 56, 27, 'Redonda'),
(1758, 56, 28, 'Redonda'),
(1759, 56, 29, 'Castillo con valor a la derecha y ceca a la izquierda y fecha abajo'),
(1760, 56, 30, '\"Mo 1/4 1799\"'),
(1761, 56, 31, ''),
(1762, 56, 32, 'León rampante coronado a la izquierda'),
(1763, 56, 33, ''),
(1764, 56, 34, ''),
(1765, 56, 35, 'Llanura'),
(1766, 56, 36, ''),
(1767, 56, 37, ''),
(1768, 56, 39, '1799/8'),
(1769, 56, 40, ''),
(1770, 56, 41, ''),
(1771, 56, 44, 'Esta moneda se hizo para los reyes Carlos IV y Fernando VII sin ninguna distinción enre ambos, así q'),
(1772, 56, 45, ''),
(1773, 56, 11, 'KM-62'),
(1774, 57, 2, '1/4 Real'),
(1775, 57, 15, '1/4'),
(1776, 57, 14, '1800 '),
(1777, 57, 1, 'Carlos IV'),
(1778, 57, 18, 'Circulante común'),
(1779, 57, 16, 'Real'),
(1780, 57, 9, 'Coloniales: Columnarias'),
(1781, 57, 13, 'Mo (México)'),
(1782, 57, 17, 'NA'),
(1783, 57, 12, 'NA'),
(1784, 57, 19, 'Común'),
(1785, 57, 20, 'Si'),
(1786, 57, 23, 'Plata (0.8960)'),
(1787, 57, 24, '0,8458'),
(1788, 57, 25, '11 mm'),
(1789, 57, 26, '1 mm'),
(1790, 57, 27, 'Redonda'),
(1791, 57, 28, 'Redonda'),
(1792, 57, 29, 'Castillo con valor a la derecha y ceca a la izquierda y fecha abajo'),
(1793, 57, 30, '\"Mo 1/4 1800\"'),
(1794, 57, 31, ''),
(1795, 57, 32, 'León rampante coronado a la izquierda'),
(1796, 57, 33, ''),
(1797, 57, 34, ''),
(1798, 57, 35, 'Llanura'),
(1799, 57, 36, ''),
(1800, 57, 37, ''),
(1801, 57, 39, ''),
(1802, 57, 40, ''),
(1803, 57, 41, ''),
(1804, 57, 44, 'Esta moneda se hizo para los reyes Carlos IV y Fernando VII sin ninguna distinción enre ambos, así q'),
(1805, 57, 45, ''),
(1806, 57, 11, 'KM-62'),
(1807, 58, 2, '1/4 Real'),
(1808, 58, 15, '1/4'),
(1809, 58, 14, '1801 '),
(1810, 58, 1, 'Carlos IV'),
(1811, 58, 18, 'Circulante común'),
(1812, 58, 16, 'Real'),
(1813, 58, 9, 'Coloniales: Columnarias'),
(1814, 58, 13, 'Mo (México)'),
(1815, 58, 17, 'NA'),
(1816, 58, 12, 'NA'),
(1817, 58, 19, 'Común'),
(1818, 58, 20, 'Si'),
(1819, 58, 23, 'Plata (0.8960)'),
(1820, 58, 24, '0,8458'),
(1821, 58, 25, '11 mm'),
(1822, 58, 26, '1 mm'),
(1823, 58, 27, 'Redonda'),
(1824, 58, 28, 'Redonda'),
(1825, 58, 29, 'Castillo con valor a la derecha y ceca a la izquierda y fecha abajo'),
(1826, 58, 30, '\"Mo 1/4 1801\"'),
(1827, 58, 31, ''),
(1828, 58, 32, 'León rampante coronado a la izquierda'),
(1829, 58, 33, ''),
(1830, 58, 34, ''),
(1831, 58, 35, 'Llanura'),
(1832, 58, 36, ''),
(1833, 58, 37, ''),
(1834, 58, 39, ''),
(1835, 58, 40, ''),
(1836, 58, 41, ''),
(1837, 58, 44, 'Esta moneda se hizo para los reyes Carlos IV y Fernando VII sin ninguna distinción enre ambos, así q'),
(1838, 58, 45, ''),
(1839, 58, 11, 'KM-62'),
(1840, 59, 2, '1/4 Real'),
(1841, 59, 15, '1/4'),
(1842, 59, 14, '1801/0'),
(1843, 59, 1, 'Carlos IV'),
(1844, 59, 18, 'Circulante común'),
(1845, 59, 16, 'Real'),
(1846, 59, 9, 'Coloniales: Columnarias'),
(1847, 59, 13, 'Mo (México)'),
(1848, 59, 17, 'NA'),
(1849, 59, 12, 'NA'),
(1850, 59, 19, 'Común'),
(1851, 59, 20, 'Si'),
(1852, 59, 23, 'Plata (0.8960)'),
(1853, 59, 24, '0,8458'),
(1854, 59, 25, '11 mm'),
(1855, 59, 26, '1 mm'),
(1856, 59, 27, 'Redonda'),
(1857, 59, 28, 'Redonda'),
(1858, 59, 29, 'Castillo con valor a la derecha y ceca a la izquierda y fecha abajo'),
(1859, 59, 30, '\"Mo 1/4 1801\"'),
(1860, 59, 31, ''),
(1861, 59, 32, 'León rampante coronado a la izquierda'),
(1862, 59, 33, ''),
(1863, 59, 34, ''),
(1864, 59, 35, 'Llanura'),
(1865, 59, 36, ''),
(1866, 59, 37, ''),
(1867, 59, 39, '1801/0'),
(1868, 59, 40, ''),
(1869, 59, 41, ''),
(1870, 59, 44, 'Esta moneda se hizo para los reyes Carlos IV y Fernando VII sin ninguna distinción enre ambos, así q'),
(1871, 59, 45, ''),
(1872, 59, 11, 'KM-62'),
(1873, 60, 2, '1/4 Real'),
(1874, 60, 15, '1/4'),
(1875, 60, 14, '1802 '),
(1876, 60, 1, 'Carlos IV'),
(1877, 60, 18, 'Circulante común'),
(1878, 60, 16, 'Real'),
(1879, 60, 9, 'Coloniales: Columnarias'),
(1880, 60, 13, 'Mo (México)'),
(1881, 60, 17, 'NA'),
(1882, 60, 12, 'NA'),
(1883, 60, 19, 'Común'),
(1884, 60, 20, 'Si'),
(1885, 60, 23, 'Plata (0.8960)'),
(1886, 60, 24, '0,8458'),
(1887, 60, 25, '11 mm'),
(1888, 60, 26, '1 mm'),
(1889, 60, 27, 'Redonda'),
(1890, 60, 28, 'Redonda'),
(1891, 60, 29, 'Castillo con valor a la derecha y ceca a la izquierda y fecha abajo'),
(1892, 60, 30, '\"Mo 1/4 1802\"'),
(1893, 60, 31, ''),
(1894, 60, 32, 'León rampante coronado a la izquierda'),
(1895, 60, 33, ''),
(1896, 60, 34, ''),
(1897, 60, 35, 'Llanura'),
(1898, 60, 36, ''),
(1899, 60, 37, ''),
(1900, 60, 39, ''),
(1901, 60, 40, ''),
(1902, 60, 41, ''),
(1903, 60, 44, 'Esta moneda se hizo para los reyes Carlos IV y Fernando VII sin ninguna distinción enre ambos, así q'),
(1904, 60, 45, ''),
(1905, 60, 11, 'KM-62'),
(1906, 61, 2, '1/4 Real'),
(1907, 61, 15, '1/4'),
(1908, 61, 14, '1803 '),
(1909, 61, 1, 'Carlos IV'),
(1910, 61, 18, 'Circulante común'),
(1911, 61, 16, 'Real'),
(1912, 61, 9, 'Coloniales: Columnarias'),
(1913, 61, 13, 'Mo (México)'),
(1914, 61, 17, 'NA'),
(1915, 61, 12, 'NA'),
(1916, 61, 19, 'Común'),
(1917, 61, 20, 'Si'),
(1918, 61, 23, 'Plata (0.8960)'),
(1919, 61, 24, '0,8458'),
(1920, 61, 25, '11 mm'),
(1921, 61, 26, '1 mm'),
(1922, 61, 27, 'Redonda'),
(1923, 61, 28, 'Redonda'),
(1924, 61, 29, 'Castillo con valor a la derecha y ceca a la izquierda y fecha abajo'),
(1925, 61, 30, '\"Mo 1/4 1803\"'),
(1926, 61, 31, ''),
(1927, 61, 32, 'León rampante coronado a la izquierda'),
(1928, 61, 33, ''),
(1929, 61, 34, ''),
(1930, 61, 35, 'Llanura'),
(1931, 61, 36, ''),
(1932, 61, 37, ''),
(1933, 61, 39, ''),
(1934, 61, 40, ''),
(1935, 61, 41, ''),
(1936, 61, 44, 'Esta moneda se hizo para los reyes Carlos IV y Fernando VII sin ninguna distinción enre ambos, así q'),
(1937, 61, 45, ''),
(1938, 61, 11, 'KM-62'),
(1939, 62, 2, '1/4 Real'),
(1940, 62, 15, '1/4'),
(1941, 62, 14, '1804'),
(1942, 62, 1, 'Carlos IV'),
(1943, 62, 18, 'Circulante común'),
(1944, 62, 16, 'Real'),
(1945, 62, 9, 'Coloniales: Columnarias'),
(1946, 62, 13, 'Mo (México)'),
(1947, 62, 17, 'NA'),
(1948, 62, 12, 'NA'),
(1949, 62, 19, 'Común'),
(1950, 62, 20, 'Si'),
(1951, 62, 23, 'Plata (0.8960)'),
(1952, 62, 24, '0,8458'),
(1953, 62, 25, '11 mm'),
(1954, 62, 26, '1 mm'),
(1955, 62, 27, 'Redonda'),
(1956, 62, 28, 'Redonda'),
(1957, 62, 29, 'Castillo con valor a la derecha y ceca a la izquierda y fecha abajo'),
(1958, 62, 30, '\"Mo 1/4 1804\"'),
(1959, 62, 31, ''),
(1960, 62, 32, 'León rampante coronado a la izquierda'),
(1961, 62, 33, ''),
(1962, 62, 34, ''),
(1963, 62, 35, 'Llanura'),
(1964, 62, 36, ''),
(1965, 62, 37, ''),
(1966, 62, 39, ''),
(1967, 62, 40, ''),
(1968, 62, 41, ''),
(1969, 62, 44, 'Esta moneda se hizo para los reyes Carlos IV y Fernando VII sin ninguna distinción enre ambos, así q'),
(1970, 62, 45, ''),
(1971, 62, 11, 'KM-62'),
(1972, 63, 2, '1/4 Real'),
(1973, 63, 15, '1/4'),
(1974, 63, 14, '1805'),
(1975, 63, 1, 'Carlos IV'),
(1976, 63, 18, 'Circulante común'),
(1977, 63, 16, 'Real'),
(1978, 63, 9, 'Coloniales: Columnarias'),
(1979, 63, 13, 'Mo (México)'),
(1980, 63, 17, 'NA'),
(1981, 63, 12, 'NA'),
(1982, 63, 19, 'Común'),
(1983, 63, 20, 'Si'),
(1984, 63, 23, 'Plata (0.8960)'),
(1985, 63, 24, '0,8458'),
(1986, 63, 25, '11 mm'),
(1987, 63, 26, '1 mm'),
(1988, 63, 27, 'Redonda'),
(1989, 63, 28, 'Redonda'),
(1990, 63, 29, 'Castillo con valor a la derecha y ceca a la izquierda y fecha abajo'),
(1991, 63, 30, '\"Mo 1/4 1805\"'),
(1992, 63, 31, ''),
(1993, 63, 32, 'León rampante coronado a la izquierda'),
(1994, 63, 33, ''),
(1995, 63, 34, ''),
(1996, 63, 35, 'Llanura'),
(1997, 63, 36, ''),
(1998, 63, 37, ''),
(1999, 63, 39, ''),
(2000, 63, 40, ''),
(2001, 63, 41, ''),
(2002, 63, 44, 'Esta moneda se hizo para los reyes Carlos IV y Fernando VII sin ninguna distinción enre ambos, así q'),
(2003, 63, 45, ''),
(2004, 63, 11, 'KM-62'),
(2005, 64, 2, '1/4 Real'),
(2006, 64, 15, '1/4'),
(2007, 64, 14, '1805/4'),
(2008, 64, 1, 'Carlos IV'),
(2009, 64, 18, 'Circulante común'),
(2010, 64, 16, 'Real'),
(2011, 64, 9, 'Coloniales: Columnarias'),
(2012, 64, 13, 'Mo (México)'),
(2013, 64, 17, 'NA'),
(2014, 64, 12, 'NA'),
(2015, 64, 19, 'Común'),
(2016, 64, 20, 'Si'),
(2017, 64, 23, 'Plata (0.8960)'),
(2018, 64, 24, '0,8458'),
(2019, 64, 25, '11 mm'),
(2020, 64, 26, '1 mm'),
(2021, 64, 27, 'Redonda'),
(2022, 64, 28, 'Redonda'),
(2023, 64, 29, 'Castillo con valor a la derecha y ceca a la izquierda y fecha abajo'),
(2024, 64, 30, '\"Mo 1/4 1805\"'),
(2025, 64, 31, ''),
(2026, 64, 32, 'León rampante coronado a la izquierda'),
(2027, 64, 33, ''),
(2028, 64, 34, ''),
(2029, 64, 35, 'Llanura'),
(2030, 64, 36, ''),
(2031, 64, 37, ''),
(2032, 64, 39, '1805/4'),
(2033, 64, 40, ''),
(2034, 64, 41, ''),
(2035, 64, 44, 'Esta moneda se hizo para los reyes Carlos IV y Fernando VII sin ninguna distinción enre ambos, así q'),
(2036, 64, 45, ''),
(2037, 64, 11, 'KM-62'),
(2038, 65, 2, '1/4 Real'),
(2039, 65, 15, '1/4'),
(2040, 65, 14, '1806 '),
(2041, 65, 1, 'Carlos IV'),
(2042, 65, 18, 'Circulante común'),
(2043, 65, 16, 'Real'),
(2044, 65, 9, 'Coloniales: Columnarias'),
(2045, 65, 13, 'Mo (México)'),
(2046, 65, 17, 'NA'),
(2047, 65, 12, 'NA'),
(2048, 65, 19, 'Común'),
(2049, 65, 20, 'Si'),
(2050, 65, 23, 'Plata (0.8960)'),
(2051, 65, 24, '0,8458'),
(2052, 65, 25, '11 mm'),
(2053, 65, 26, '1 mm'),
(2054, 65, 27, 'Redonda'),
(2055, 65, 28, 'Redonda'),
(2056, 65, 29, 'Castillo con valor a la derecha y ceca a la izquierda y fecha abajo'),
(2057, 65, 30, '\"Mo 1/4 1806\"'),
(2058, 65, 31, ''),
(2059, 65, 32, 'León rampante coronado a la izquierda'),
(2060, 65, 33, ''),
(2061, 65, 34, ''),
(2062, 65, 35, 'Llanura'),
(2063, 65, 36, ''),
(2064, 65, 37, ''),
(2065, 65, 39, ''),
(2066, 65, 40, ''),
(2067, 65, 41, ''),
(2068, 65, 44, 'Esta moneda se hizo para los reyes Carlos IV y Fernando VII sin ninguna distinción enre ambos, así q'),
(2069, 65, 45, ''),
(2070, 65, 11, 'KM-62'),
(2071, 66, 2, '1/4 Real'),
(2072, 66, 15, '1/4'),
(2073, 66, 14, '1807'),
(2074, 66, 1, 'Carlos IV'),
(2075, 66, 18, 'Circulante común'),
(2076, 66, 16, 'Real'),
(2077, 66, 9, 'Coloniales: Columnarias'),
(2078, 66, 13, 'Mo (México)'),
(2079, 66, 17, 'NA'),
(2080, 66, 12, 'NA'),
(2081, 66, 19, 'Común'),
(2082, 66, 20, 'Si'),
(2083, 66, 23, 'Plata (0.8960)'),
(2084, 66, 24, '0,8458'),
(2085, 66, 25, '11 mm'),
(2086, 66, 26, '1 mm'),
(2087, 66, 27, 'Redonda'),
(2088, 66, 28, 'Redonda'),
(2089, 66, 29, 'Castillo con valor a la derecha y ceca a la izquierda y fecha abajo'),
(2090, 66, 30, '\"Mo 1/4 1807\"'),
(2091, 66, 31, ''),
(2092, 66, 32, 'León rampante coronado a la izquierda'),
(2093, 66, 33, ''),
(2094, 66, 34, ''),
(2095, 66, 35, 'Llanura'),
(2096, 66, 36, ''),
(2097, 66, 37, ''),
(2098, 66, 39, ''),
(2099, 66, 40, ''),
(2100, 66, 41, ''),
(2101, 66, 44, 'Esta moneda se hizo para los reyes Carlos IV y Fernando VII sin ninguna distinción enre ambos, así q'),
(2102, 66, 45, ''),
(2103, 66, 11, 'KM-62'),
(2104, 67, 2, '1/4 Real'),
(2105, 67, 15, '1/4'),
(2106, 67, 14, '1807/797'),
(2107, 67, 1, 'Carlos IV'),
(2108, 67, 18, 'Circulante común'),
(2109, 67, 16, 'Real'),
(2110, 67, 9, 'Coloniales: Columnarias'),
(2111, 67, 13, 'Mo (México)'),
(2112, 67, 17, 'NA'),
(2113, 67, 12, ''),
(2114, 67, 19, 'Común'),
(2115, 67, 20, 'Si'),
(2116, 67, 23, 'Plata (0.8960)'),
(2117, 67, 24, '0,8458'),
(2118, 67, 25, '11 mm'),
(2119, 67, 26, '1 mm'),
(2120, 67, 27, 'Redonda'),
(2121, 67, 28, 'Redonda'),
(2122, 67, 29, 'Castillo con valor a la derecha y ceca a la izquierda y fecha abajo'),
(2123, 67, 30, '\"Mo 1/4 1807\"'),
(2124, 67, 31, ''),
(2125, 67, 32, 'León rampante coronado a la izquierda'),
(2126, 67, 33, ''),
(2127, 67, 34, ''),
(2128, 67, 35, 'Llanura'),
(2129, 67, 36, 'Llanura'),
(2130, 67, 37, ''),
(2131, 67, 39, '1807/797'),
(2132, 67, 40, ''),
(2133, 67, 41, ''),
(2134, 67, 44, 'Esta moneda se hizo para los reyes Carlos IV y Fernando VII sin ninguna distinción enre ambos, así q'),
(2135, 67, 45, ''),
(2136, 67, 11, 'KM-62'),
(2137, 68, 2, '1/4 Real'),
(2138, 68, 15, '1/4'),
(2139, 68, 14, '1808'),
(2140, 68, 1, 'Carlos IV'),
(2141, 68, 18, 'Circulante común'),
(2142, 68, 16, 'Real'),
(2143, 68, 9, 'Coloniales: Columnarias'),
(2144, 68, 13, 'Mo (México)'),
(2145, 68, 17, 'NA'),
(2146, 68, 12, 'NA'),
(2147, 68, 19, 'Común'),
(2148, 68, 20, 'Si'),
(2149, 68, 23, 'Plata (0.8960)'),
(2150, 68, 24, '0,8458'),
(2151, 68, 25, '11 mm'),
(2152, 68, 26, '1 mm'),
(2153, 68, 27, 'Redonda'),
(2154, 68, 28, 'Redonda'),
(2155, 68, 29, 'Castillo con valor a la derecha y ceca a la izquierda y fecha abajo'),
(2156, 68, 30, '\"Mo 1/4 1808\"'),
(2157, 68, 31, ''),
(2158, 68, 32, 'León rampante coronado a la izquierda'),
(2159, 68, 33, ''),
(2160, 68, 34, ''),
(2161, 68, 35, 'Llanura'),
(2162, 68, 36, 'Llanura'),
(2163, 68, 37, ''),
(2164, 68, 39, ''),
(2165, 68, 40, ''),
(2166, 68, 41, ''),
(2167, 68, 44, 'Esta moneda se hizo para los reyes Carlos IV y Fernando VII sin ninguna distinción enre ambos, así q'),
(2168, 68, 45, ''),
(2169, 68, 11, 'KM-62'),
(2170, 69, 2, '1/4 Real'),
(2171, 69, 15, '1/4'),
(2172, 69, 14, '1809 '),
(2173, 69, 1, 'Fernando VII'),
(2174, 69, 18, 'Circulante común'),
(2175, 69, 16, 'Real'),
(2176, 69, 9, 'Coloniales: Columnarias'),
(2177, 69, 13, 'Mo (México)'),
(2178, 69, 17, 'NA'),
(2179, 69, 12, 'NA'),
(2180, 69, 19, 'Común'),
(2181, 69, 20, 'Si'),
(2182, 69, 23, 'Plata (0.8960)'),
(2183, 69, 24, '0,8458'),
(2184, 69, 25, '11 mm'),
(2185, 69, 26, '1 mm'),
(2186, 69, 27, 'Redonda'),
(2187, 69, 28, 'Redonda'),
(2188, 69, 29, 'Castillo con valor a la derecha y ceca a la izquierda y fecha abajo'),
(2189, 69, 30, '\"Mo 1/4 1809\"'),
(2190, 69, 31, ''),
(2191, 69, 32, 'León rampante coronado a la izquierda'),
(2192, 69, 33, ''),
(2193, 69, 34, ''),
(2194, 69, 35, 'Llanura'),
(2195, 69, 36, 'Llanura'),
(2196, 69, 37, ''),
(2197, 69, 39, ''),
(2198, 69, 40, ''),
(2199, 69, 41, ''),
(2200, 69, 44, 'Esta moneda se hizo para los reyes Carlos IV y Fernando VII sin ninguna distinción enre ambos, así q'),
(2201, 69, 45, ''),
(2202, 69, 11, 'KM-62'),
(2203, 70, 2, '1/4 Real'),
(2204, 70, 15, '1/4'),
(2205, 70, 14, '1809/8'),
(2206, 70, 1, 'Fernando VII'),
(2207, 70, 18, 'Circulante común'),
(2208, 70, 16, 'Real'),
(2209, 70, 9, 'Coloniales: Columnarias'),
(2210, 70, 13, 'Mo (México)'),
(2211, 70, 17, 'NA'),
(2212, 70, 12, 'NA'),
(2213, 70, 19, 'Común'),
(2214, 70, 20, 'Si'),
(2215, 70, 23, 'Plata (0.8960)'),
(2216, 70, 24, '0,8458'),
(2217, 70, 25, '11 mm'),
(2218, 70, 26, '1 mm'),
(2219, 70, 27, 'Redonda'),
(2220, 70, 28, 'Redonda'),
(2221, 70, 29, 'Castillo con valor a la derecha y ceca a la izquierda y fecha abajo'),
(2222, 70, 30, '\"Mo 1/4 1809\"'),
(2223, 70, 31, ''),
(2224, 70, 32, 'León rampante coronado a la izquierda'),
(2225, 70, 33, ''),
(2226, 70, 34, ''),
(2227, 70, 35, 'Llanura'),
(2228, 70, 36, 'Llanura'),
(2229, 70, 37, ''),
(2230, 70, 39, '1809/8'),
(2231, 70, 40, ''),
(2232, 70, 41, ''),
(2233, 70, 44, 'Esta moneda se hizo para los reyes Carlos IV y Fernando VII sin ninguna distinción enre ambos, así q'),
(2234, 70, 45, ''),
(2235, 70, 11, 'KM-62'),
(2236, 71, 2, '1/4 Real'),
(2237, 71, 15, '1/4'),
(2238, 71, 14, '1810 '),
(2239, 71, 1, 'Fernando VII'),
(2240, 71, 18, 'Circulante común'),
(2241, 71, 16, 'Real'),
(2242, 71, 9, 'Coloniales: Columnarias'),
(2243, 71, 13, 'Mo (México)'),
(2244, 71, 17, 'NA'),
(2245, 71, 12, 'NA'),
(2246, 71, 19, 'Común'),
(2247, 71, 20, 'Si'),
(2248, 71, 23, 'Plata (0.8960)'),
(2249, 71, 24, '0,8458'),
(2250, 71, 25, '11 mm'),
(2251, 71, 26, '1 mm'),
(2252, 71, 27, 'Redonda'),
(2253, 71, 28, 'Redonda'),
(2254, 71, 29, 'Castillo con valor a la derecha y ceca a la izquierda y fecha abajo'),
(2255, 71, 30, '\"Mo 1/4 1810\"'),
(2256, 71, 31, ''),
(2257, 71, 32, 'León rampante coronado a la izquierda'),
(2258, 71, 33, ''),
(2259, 71, 34, ''),
(2260, 71, 35, 'Llanura'),
(2261, 71, 36, 'Llanura'),
(2262, 71, 37, ''),
(2263, 71, 39, ''),
(2264, 71, 40, ''),
(2265, 71, 41, ''),
(2266, 71, 44, 'Esta moneda se hizo para los reyes Carlos IV y Fernando VII sin ninguna distinción enre ambos, así q'),
(2267, 71, 45, ''),
(2268, 71, 11, 'KM-62'),
(2269, 72, 2, '1/4 Real'),
(2270, 72, 15, '1/4'),
(2271, 72, 14, '1811 '),
(2272, 72, 1, 'Fernando VII'),
(2273, 72, 18, 'Circulante común'),
(2274, 72, 16, 'Real'),
(2275, 72, 9, 'Coloniales: Columnarias'),
(2276, 72, 13, 'Mo (México)'),
(2277, 72, 17, 'NA'),
(2278, 72, 12, 'NA'),
(2279, 72, 19, 'Común'),
(2280, 72, 20, 'Si'),
(2281, 72, 23, 'Plata (0.8960)'),
(2282, 72, 24, '0,8458'),
(2283, 72, 25, '11 mm'),
(2284, 72, 26, '1 mm'),
(2285, 72, 27, 'Redonda'),
(2286, 72, 28, 'Redonda'),
(2287, 72, 29, 'Castillo con valor a la derecha y ceca a la izquierda y fecha abajo'),
(2288, 72, 30, '\"Mo 1/4 1811\"'),
(2289, 72, 31, ''),
(2290, 72, 32, 'León rampante coronado a la izquierda'),
(2291, 72, 33, ''),
(2292, 72, 34, ''),
(2293, 72, 35, 'Llanura'),
(2294, 72, 36, 'Llanura'),
(2295, 72, 37, ''),
(2296, 72, 39, ''),
(2297, 72, 40, ''),
(2298, 72, 41, ''),
(2299, 72, 44, 'Esta moneda se hizo para los reyes Carlos IV y Fernando VII sin ninguna distinción enre ambos, así q'),
(2300, 72, 45, ''),
(2301, 72, 11, 'KM-62'),
(2302, 73, 2, '1/4 Real'),
(2303, 73, 15, '1/4'),
(2304, 73, 14, '1812'),
(2305, 73, 1, 'Fernando VII'),
(2306, 73, 18, 'Circulante común'),
(2307, 73, 16, 'Real'),
(2308, 73, 9, 'Coloniales: Columnarias'),
(2309, 73, 13, 'Mo (México)'),
(2310, 73, 17, 'NA'),
(2311, 73, 12, 'NA'),
(2312, 73, 19, 'Común'),
(2313, 73, 20, 'Si'),
(2314, 73, 23, 'Plata (0.8960)'),
(2315, 73, 24, '0,8458'),
(2316, 73, 25, '11 mm'),
(2317, 73, 26, '1 mm'),
(2318, 73, 27, 'Redonda'),
(2319, 73, 28, 'Redonda'),
(2320, 73, 29, 'Castillo con valor a la derecha y ceca a la izquierda y fecha abajo'),
(2321, 73, 30, '\"Mo 1/4 1812\"'),
(2322, 73, 31, ''),
(2323, 73, 32, 'León rampante coronado a la izquierda'),
(2324, 73, 33, ''),
(2325, 73, 34, ''),
(2326, 73, 35, 'Llanura'),
(2327, 73, 36, ''),
(2328, 73, 37, ''),
(2329, 73, 39, ''),
(2330, 73, 40, ''),
(2331, 73, 41, ''),
(2332, 73, 44, 'Esta moneda se hizo para los reyes Carlos IV y Fernando VII sin ninguna distinción enre ambos, así q'),
(2333, 73, 45, ''),
(2334, 73, 11, 'KM-62'),
(2335, 74, 5, '1813a14.jpg,NA'),
(2336, 74, 4, '1813r14.jpg,NA'),
(2337, 74, 2, '1/4 Real'),
(2338, 74, 15, '1/4'),
(2339, 74, 14, '1813 '),
(2340, 74, 1, 'Fernando VII'),
(2341, 74, 18, 'Circulante común'),
(2342, 74, 16, 'Real'),
(2343, 74, 9, 'Coloniales: Columnarias'),
(2344, 74, 13, 'Mo (México)'),
(2345, 74, 17, 'NA'),
(2346, 74, 12, 'NA'),
(2347, 74, 19, 'Común'),
(2348, 74, 20, 'Si'),
(2349, 74, 23, 'Plata (0.8960)'),
(2350, 74, 24, '0,8458'),
(2351, 74, 25, '11 mm'),
(2352, 74, 26, '1 mm'),
(2353, 74, 27, 'Redonda'),
(2354, 74, 28, 'Redonda'),
(2355, 74, 29, 'Castillo con valor a la derecha y ceca a la izquierda y fecha abajo'),
(2356, 74, 30, '\"Mo 1/4 1813\"'),
(2357, 74, 31, ''),
(2358, 74, 32, 'León rampante coronado a la izquierda'),
(2359, 74, 33, ''),
(2360, 74, 34, ''),
(2361, 74, 35, 'Llanura'),
(2362, 74, 36, 'Llanura'),
(2363, 74, 37, ''),
(2364, 74, 39, ''),
(2365, 74, 40, ''),
(2366, 74, 41, ''),
(2367, 74, 44, 'Esta moneda se hizo para los reyes Carlos IV y Fernando VII sin ninguna distinción enre ambos, así q'),
(2368, 74, 45, ''),
(2369, 74, 11, 'KM-62'),
(2370, 75, 2, '1/4 Real'),
(2371, 75, 15, '1/4'),
(2372, 75, 14, '1814 '),
(2373, 75, 1, 'Fernando VII'),
(2374, 75, 18, 'Circulante común'),
(2375, 75, 16, 'Real'),
(2376, 75, 9, 'Coloniales: Columnarias'),
(2377, 75, 13, 'Mo (México)'),
(2378, 75, 17, 'NA'),
(2379, 75, 12, 'NA'),
(2380, 75, 19, 'Común'),
(2381, 75, 20, 'Si'),
(2382, 75, 23, 'Plata (0.8960)'),
(2383, 75, 24, '0,8458'),
(2384, 75, 25, '11 mm'),
(2385, 75, 26, '1 mm'),
(2386, 75, 27, 'Redonda'),
(2387, 75, 28, 'Redonda'),
(2388, 75, 29, 'Castillo con valor a la derecha y ceca a la izquierda y fecha abajo'),
(2389, 75, 30, '\"Mo 1/4 1814\"'),
(2390, 75, 31, ''),
(2391, 75, 32, 'León rampante coronado a la izquierda'),
(2392, 75, 33, ''),
(2393, 75, 34, ''),
(2394, 75, 35, 'Llanura'),
(2395, 75, 36, 'Llanura'),
(2396, 75, 37, ''),
(2397, 75, 39, ''),
(2398, 75, 40, ''),
(2399, 75, 41, ''),
(2400, 75, 44, 'Esta moneda se hizo para los reyes Carlos IV y Fernando VII sin ninguna distinción enre ambos, así q'),
(2401, 75, 45, ''),
(2402, 75, 11, 'KM-62'),
(2403, 76, 2, '1/4 Real'),
(2404, 76, 15, '1/4'),
(2405, 76, 14, '1815 '),
(2406, 76, 1, 'Fernando VII'),
(2407, 76, 18, 'Circulante común'),
(2408, 76, 16, 'Real'),
(2409, 76, 9, 'Coloniales: Columnarias'),
(2410, 76, 13, 'Mo (México)'),
(2411, 76, 17, 'NA'),
(2412, 76, 12, 'NA'),
(2413, 76, 19, 'Común'),
(2414, 76, 20, 'Si'),
(2415, 76, 23, 'Plata (0.8960)'),
(2416, 76, 24, '0,8458'),
(2417, 76, 25, '11 mm'),
(2418, 76, 26, '1 mm'),
(2419, 76, 27, 'Redonda'),
(2420, 76, 28, 'Redonda'),
(2421, 76, 29, 'Castillo con valor a la derecha y ceca a la izquierda y fecha abajo'),
(2422, 76, 30, '\"Mo 1/4 1815\"'),
(2423, 76, 31, ''),
(2424, 76, 32, 'León rampante coronado a la izquierda'),
(2425, 76, 33, ''),
(2426, 76, 34, ''),
(2427, 76, 35, 'Llanura'),
(2428, 76, 36, 'Llanura'),
(2429, 76, 37, ''),
(2430, 76, 39, ''),
(2431, 76, 40, ''),
(2432, 76, 41, ''),
(2433, 76, 44, 'Esta moneda se hizo para los reyes Carlos IV y Fernando VII sin ninguna distinción enre ambos, así q'),
(2434, 76, 45, ''),
(2435, 76, 11, 'KM-62'),
(2436, 77, 2, '1/4 Real'),
(2437, 77, 15, '1/4'),
(2438, 77, 14, '1816 '),
(2439, 77, 1, 'Fernando VII'),
(2440, 77, 18, 'Circulante común'),
(2441, 77, 16, 'Real'),
(2442, 77, 9, 'Coloniales: Columnarias'),
(2443, 77, 13, 'Mo (México)'),
(2444, 77, 17, 'NA'),
(2445, 77, 12, 'NA'),
(2446, 77, 19, 'Común'),
(2447, 77, 20, 'Si'),
(2448, 77, 23, 'Plata (0.8960)'),
(2449, 77, 24, '0,8458'),
(2450, 77, 25, '11 mm'),
(2451, 77, 26, '1 mm'),
(2452, 77, 27, 'Redonda'),
(2453, 77, 28, 'Redonda'),
(2454, 77, 29, 'Castillo con valor a la derecha y ceca a la izquierda y fecha abajo'),
(2455, 77, 30, '\"Mo 1/4 1816\"'),
(2456, 77, 31, ''),
(2457, 77, 32, 'León rampante coronado a la izquierda'),
(2458, 77, 33, ''),
(2459, 77, 34, ''),
(2460, 77, 35, 'Llanura'),
(2461, 77, 36, 'Llanura'),
(2462, 77, 37, ''),
(2463, 77, 39, ''),
(2464, 77, 40, ''),
(2465, 77, 41, ''),
(2466, 77, 44, 'Esta moneda se hizo para los reyes Carlos IV y Fernando VII sin ninguna distinción enre ambos, así q'),
(2467, 77, 45, ''),
(2468, 77, 11, 'KM-62'),
(2469, 78, 2, '1/2 Real'),
(2470, 78, 15, '1/2'),
(2471, 78, 14, '1935'),
(2472, 78, 1, 'Felipe V'),
(2473, 78, 18, 'Circulante común'),
(2474, 78, 16, 'Real'),
(2475, 78, 9, 'Coloniales: Columnarias'),
(2476, 78, 13, 'Mo (México)'),
(2477, 78, 17, 'MF'),
(2478, 78, 12, ''),
(2479, 78, 19, 'Común'),
(2480, 78, 20, 'Si'),
(2481, 78, 23, 'Plata (0.917)'),
(2482, 78, 24, '1.6917'),
(2483, 78, 25, '17'),
(2484, 78, 26, '2'),
(2485, 78, 27, 'Redonda'),
(2486, 78, 28, ''),
(2487, 78, 29, 'Spain coat of arms flanked by initials. With legend all around'),
(2488, 78, 30, '*PHILIP•V•D•G•HISPAN•ET IND•REX •MF'),
(2489, 78, 31, 'Felipe 5th by the grace of God King of Spain and the Indies'),
(2490, 78, 32, 'Crowned hemispheres in between pillars. With legend around and date at bottom'),
(2491, 78, 33, '*VTRAQUE VNVM* Mo*1736*Mo'),
(2492, 78, 34, 'Both as one Mexico City 1736 Mexico City'),
(2493, 78, 35, 'Estriado'),
(2494, 78, 36, ''),
(2495, 78, 37, ''),
(2496, 78, 39, ''),
(2497, 78, 40, ''),
(2498, 78, 41, ''),
(2499, 78, 44, ''),
(2500, 78, 45, ''),
(2501, 78, 11, 'KM-65'),
(2502, 78, 3, 'M05-35');

-- --------------------------------------------------------

--
-- Table structure for table `catalogo_billetes`
--

CREATE TABLE `catalogo_billetes` (
  `id_catalogo_billete` int(11) NOT NULL,
  `usuario` varchar(50) DEFAULT NULL
) ENGINE=InnoDB DEFAULT CHARSET=latin1;

--
-- Dumping data for table `catalogo_billetes`
--

INSERT INTO `catalogo_billetes` (`id_catalogo_billete`, `usuario`) VALUES
(1, 'Administrador'),
(2, 'Administrador');

-- --------------------------------------------------------

--
-- Table structure for table `catalogo_monedas`
--

CREATE TABLE `catalogo_monedas` (
  `id_catalogo_moneda` int(11) NOT NULL,
  `usuario` varchar(50) DEFAULT NULL,
  `estado` int(2) NOT NULL
) ENGINE=InnoDB DEFAULT CHARSET=latin1;

--
-- Dumping data for table `catalogo_monedas`
--

INSERT INTO `catalogo_monedas` (`id_catalogo_moneda`, `usuario`, `estado`) VALUES
(1, 'Administrador', 2),
(4, 'Administrador', 2),
(5, 'Administrador', 0),
(6, 'Administrador', 0),
(7, 'Administrador', 0),
(8, 'Administrador', 0),
(9, 'Administrador', 0),
(10, 'Administrador', 0),
(11, 'Administrador', 0),
(12, 'Administrador', 0),
(13, 'Administrador', 0),
(14, 'Administrador', 0),
(15, 'Administrador', 0),
(16, 'Administrador', 0),
(17, 'Administrador', 0),
(18, 'Administrador', 0),
(19, 'Administrador', 0),
(20, 'Administrador', 0),
(21, 'Administrador', 0),
(22, 'Administrador', 0),
(23, 'Administrador', 0),
(24, 'Administrador', 0),
(25, 'Administrador', 0),
(26, 'Administrador', 0),
(27, 'Administrador', 0),
(28, 'Administrador', 0),
(29, 'Administrador', 0),
(30, 'Administrador', 0),
(31, 'Administrador', 0),
(32, 'Administrador', 0),
(33, 'Administrador', 0),
(34, 'Administrador', 0),
(35, 'Administrador', 0),
(36, 'Administrador', 0),
(37, 'Administrador', 0),
(38, 'Administrador', 0),
(39, 'Administrador', 0),
(40, 'Administrador', 0),
(41, 'Administrador', 0),
(42, 'Administrador', 0),
(43, 'Administrador', 0),
(44, 'Administrador', 0),
(45, 'Administrador', 0),
(46, 'Administrador', 0),
(47, 'Administrador', 0),
(48, 'Administrador', 0),
(49, 'Administrador', 0),
(50, 'Administrador', 0),
(51, 'Administrador', 0),
(52, 'Administrador', 0),
(53, 'Administrador', 0),
(54, 'Administrador', 0),
(55, 'Administrador', 0),
(56, 'Administrador', 0),
(57, 'Administrador', 0),
(58, 'Administrador', 0),
(59, 'Administrador', 0),
(60, 'Administrador', 0),
(61, 'Administrador', 0),
(62, 'Administrador', 0),
(63, 'Administrador', 0),
(64, 'Administrador', 0),
(65, 'Administrador', 0),
(66, 'Administrador', 0),
(67, 'Administrador', 0),
(68, 'Administrador', 0),
(69, 'Administrador', 0),
(70, 'Administrador', 0),
(71, 'Administrador', 0),
(72, 'Administrador', 0),
(73, 'Administrador', 0),
(74, 'Administrador', 0),
(75, 'Administrador', 0),
(76, 'Administrador', 0),
(77, 'Administrador', 0),
(78, 'Administrador', 0);

-- --------------------------------------------------------

--
-- Table structure for table `coleccion_personal_billetes`
--

CREATE TABLE `coleccion_personal_billetes` (
  `id_coleccion_personal_billete` int(11) NOT NULL,
  `id_usuario` int(11) DEFAULT NULL,
  `id_billete` int(11) DEFAULT NULL,
  `condicion_billete` varchar(45) DEFAULT NULL,
  `casa_certificadora` varchar(45) DEFAULT NULL,
  `valor_certificacion` varchar(45) DEFAULT NULL,
  `registro_certificacion` varchar(80) DEFAULT NULL,
  `tipo_registro` varchar(50) DEFAULT NULL,
  `tipo_billete_registro` varchar(50) DEFAULT NULL,
  `foto_frente_billete` varchar(255) DEFAULT NULL,
  `foto_detras_billete` varchar(255) DEFAULT NULL,
  `precio_billete` varchar(45) DEFAULT NULL,
  `mercado` varchar(45) DEFAULT NULL,
  `serie_billete` varchar(45) DEFAULT NULL,
  `subserie` varchar(50) DEFAULT NULL,
  `numero_billete_add` varchar(80) DEFAULT NULL,
  `precio_referencia` varchar(45) DEFAULT NULL,
  `lugar_billete` varchar(100) DEFAULT NULL,
  `cantidad_billete` varchar(45) DEFAULT NULL,
  `descripcion_billete` longtext DEFAULT NULL
) ENGINE=InnoDB DEFAULT CHARSET=latin1;

-- --------------------------------------------------------

--
-- Table structure for table `coleccion_personal_monedas`
--

CREATE TABLE `coleccion_personal_monedas` (
  `id_coleccion_personal_moneda` int(11) NOT NULL,
  `id_usuario` int(11) DEFAULT NULL,
  `id_moneda` int(11) DEFAULT NULL,
  `id_moneda_principal` int(11) DEFAULT NULL,
  `condicion_moneda` varchar(45) DEFAULT NULL,
  `casa_certificadora` varchar(45) DEFAULT NULL,
  `valor_certificacion` varchar(45) DEFAULT NULL,
  `registro_certificacion` varchar(80) DEFAULT NULL,
  `tipo_registro` varchar(50) DEFAULT NULL,
  `tipo_moneda_registro` varchar(50) DEFAULT NULL,
  `foto_frente_moneda` varchar(255) DEFAULT NULL,
  `foto_detras_moneda` varchar(255) DEFAULT NULL,
  `precio_moneda` varchar(45) DEFAULT NULL,
  `mercado` varchar(45) DEFAULT NULL,
  `numero_moneda_add` varchar(80) DEFAULT NULL,
  `precio_referencia` varchar(45) DEFAULT NULL,
  `lugar_moneda` varchar(100) DEFAULT NULL,
  `cantidad_moneda` varchar(45) DEFAULT NULL,
  `descripcion_moneda` longtext DEFAULT NULL,
  `descripcion_moneda_privada` longtext DEFAULT NULL,
  `estado` int(11) DEFAULT NULL,
  `fecha_agregada` varchar(20) DEFAULT NULL
) ENGINE=InnoDB DEFAULT CHARSET=latin1;

--
-- Dumping data for table `coleccion_personal_monedas`
--

INSERT INTO `coleccion_personal_monedas` (`id_coleccion_personal_moneda`, `id_usuario`, `id_moneda`, `id_moneda_principal`, `condicion_moneda`, `casa_certificadora`, `valor_certificacion`, `registro_certificacion`, `tipo_registro`, `tipo_moneda_registro`, `foto_frente_moneda`, `foto_detras_moneda`, `precio_moneda`, `mercado`, `numero_moneda_add`, `precio_referencia`, `lugar_moneda`, `cantidad_moneda`, `descripcion_moneda`, `descripcion_moneda_privada`, `estado`, `fecha_agregada`) VALUES
(7, 1, 5, NULL, 'G', 'Casa de Oro moneda editada', '789546', 'AX-55456', 'Personal', 'principal', 'Captura_de_pantalla_(1).png', 'Captura_de_pantalla_(2).png', NULL, '0', NULL, '46456', 'Zimbawue editada', '0', 'HOLA MAMA', 'MAMA 2', 2, '2018-12-03'),
(8, 1, 5, NULL, 'XF', 'Casa de Oro', 'La valoro en 50 pesos', '01156', 'Intercambio', 'principal', 'Captura_de_pantalla_(22).png', 'Captura_de_pantalla_(38).png', '5000 Pesos', '1', NULL, '5000', 'Zimbawue', '1', 'Es una buena moneda', 'Esta moneda tiene fallas', 1, '2018-12-03'),
(10, 1, 5, 10, 'UNC', 'Monedas todas', '5000', '1245654', 'Personal', 'add', 'Captura_de_pantalla_(37)1.png', 'Captura_de_pantalla_(38)3.png', NULL, '0', 'tertert', NULL, 'Zimbawue', NULL, '123', NULL, 1, '2018-12-03'),
(11, 1, 5, NULL, 'UNC', 'Otra mas', 'Otra mas', '', 'Intercambio', 'principal', 'Captura_de_pantalla_(34).png', 'Captura_de_pantalla_(5).png', '78945', '1', NULL, '46456', 'Zimbawue editada', '1', 'Nota publica', 'Nota privada', 1, '2018-12-03'),
(12, 1, 5, 11, 'UNC', 'Monedas todas opmg', '5000', '1245654', 'Personal', 'add', 'Captura_de_pantalla_(16).png', 'Captura_de_pantalla_(17).png', NULL, '0', 'tertert', NULL, 'Zimbawue editada', NULL, 'puvlica', 'asdsad', 1, '2018-12-03'),
(13, 1, 5, NULL, 'AU', 'prueba ultima', 'prueba ultima', 'prueba ultima', 'Personal', 'principal', 'Captura_de_pantalla_(1)1.png', 'Captura_de_pantalla_(2)1.png', NULL, '0', NULL, 'prueba ultima', 'prueba ultima', '1', 'prueba ultima', 'prueba ultima', 1, '2018-12-03'),
(14, 1, 5, 14, 'G', 'prueba ultima', 'prueba ultima', 'prueba ultima', 'Personal', 'add', 'Captura_de_pantalla_(3).png', 'Captura_de_pantalla_(4)1.png', NULL, '0', 'prueba ultima', NULL, 'prueba ultima', NULL, 'prueba ultima', 'prueba ultima', 1, '2018-12-03'),
(15, 1, 15, NULL, 'VG', '', '', '', '', 'principal', '', '', NULL, '1', NULL, '8000', '', '', '', '', 1, '2019-01-15');

-- --------------------------------------------------------

--
-- Table structure for table `precios_catalogob`
--

CREATE TABLE `precios_catalogob` (
  `id_precio_catalogob` int(11) NOT NULL,
  `id_catalogo` int(11) DEFAULT NULL,
  `id_billete` int(11) DEFAULT NULL,
  `G` varchar(45) DEFAULT NULL,
  `VG` varchar(45) DEFAULT NULL,
  `F` varchar(45) DEFAULT NULL,
  `VF` varchar(45) DEFAULT NULL,
  `XF` varchar(45) DEFAULT NULL,
  `AU` varchar(45) DEFAULT NULL,
  `UNC` varchar(45) DEFAULT NULL
) ENGINE=InnoDB DEFAULT CHARSET=latin1;

--
-- Dumping data for table `precios_catalogob`
--

INSERT INTO `precios_catalogob` (`id_precio_catalogob`, `id_catalogo`, `id_billete`, `G`, `VG`, `F`, `VF`, `XF`, `AU`, `UNC`) VALUES
(15, 9, 2, '1', '123456', '4', '3', '5', '6', '7'),
(16, 17, 2, '1', '2', '4', '333', '255', '6', '7');

-- --------------------------------------------------------

--
-- Table structure for table `precios_catalogom`
--

CREATE TABLE `precios_catalogom` (
  `id_precio_catalogom` int(11) NOT NULL,
  `id_catalogo` int(11) DEFAULT NULL,
  `id_moneda` int(11) DEFAULT NULL,
  `G` varchar(45) DEFAULT NULL,
  `VG` varchar(45) DEFAULT NULL,
  `F` varchar(45) DEFAULT NULL,
  `VF` varchar(45) DEFAULT NULL,
  `XF` varchar(45) DEFAULT NULL,
  `AU` varchar(45) DEFAULT NULL,
  `UNC` varchar(45) DEFAULT NULL
) ENGINE=InnoDB DEFAULT CHARSET=latin1;

--
-- Dumping data for table `precios_catalogom`
--

INSERT INTO `precios_catalogom` (`id_precio_catalogom`, `id_catalogo`, `id_moneda`, `G`, `VG`, `F`, `VF`, `XF`, `AU`, `UNC`) VALUES
(18, 11, 4, '11', '22', '33', '44', '55', '66', '77'),
(24, 11, 5, '10', '20', '30', '40', '50', '60', '70'),
(26, 21, 5, '20', '40', '60', '80', '100', '120', '140'),
(27, 22, 5, '1', '2', '3', '4', '5', '6', '7'),
(28, 11, 6, '10', '15', '25', '35', '45', '55', '65'),
(31, 11, 8, '5', '10', '15', '20', '25', '30', '35'),
(32, 11, 7, '5', '10', '15', '20', '25', '30', '35'),
(33, 11, 9, '', '', '', '', '', '', ''),
(34, 11, 10, '', '', '', '', '', '', ''),
(35, 11, 11, '', '', '', '', '', '', ''),
(36, 11, 12, '', '', '', '', '', '', ''),
(37, 11, 13, '', '', '', '', '', '', ''),
(38, 11, 14, '', '', '', '', '', '', ''),
(39, 11, 15, '', '', '', '', '', '', ''),
(40, 11, 16, '', '', '', '', '', '', ''),
(41, 11, 17, '', '', '', '', '', '', ''),
(45, 11, 18, NULL, NULL, NULL, NULL, NULL, NULL, NULL),
(46, 11, 19, '', '', '', '', '', '', ''),
(47, 3, 19, '', '', '', '', '', '', ''),
(48, 11, 20, '', '', '', '', '', '', ''),
(49, 3, 20, '', '', '', '', '', '', ''),
(50, 11, 21, '', '', '', '', '', '', ''),
(51, 3, 21, '', '', '', '', '', '', ''),
(52, 11, 22, '', '', '', '', '', '', ''),
(53, 3, 22, '', '', '', '', '', '', ''),
(54, 11, 23, '', '', '', '', '', '', ''),
(55, 3, 23, '', '', '', '', '', '', ''),
(56, 11, 24, '', '', '', '', '', '', ''),
(57, 3, 24, '', '', '', '', '', '', ''),
(58, 11, 25, '', '', '', '', '', '', ''),
(59, 3, 25, '', '', '', '', '', '', ''),
(62, 11, 27, '', '', '', '', '', '', ''),
(63, 3, 27, '', '', '', '', '', '', ''),
(64, 11, 28, '', '', '', '', '', '', ''),
(65, 3, 28, '', '', '', '', '', '', ''),
(66, 11, 29, '', '', '', '', '', '', ''),
(67, 3, 29, '', '', '', '', '', '', ''),
(68, 11, 30, '', '', '', '', '', '', ''),
(69, 3, 30, '', '', '', '', '', '', ''),
(70, 11, 31, '', '', '', '', '', '', ''),
(71, 3, 31, '', '', '', '', '', '', ''),
(72, 11, 32, '', '', '', '', '', '', ''),
(73, 3, 32, '', '', '', '', '', '', ''),
(74, 11, 33, '', '', '', '', '', '', ''),
(75, 3, 33, '', '', '', '', '', '', ''),
(76, 11, 34, '', '', '', '', '', '', ''),
(77, 3, 34, '', '', '', '', '', '', ''),
(78, 11, 35, '', '', '', '', '', '', ''),
(79, 3, 35, '', '', '', '', '', '', ''),
(80, 11, 36, '', '', '', '', '', '', ''),
(81, 3, 36, '', '', '', '', '', '', ''),
(82, 11, 37, '', '', '', '', '', '', ''),
(83, 3, 37, '', '', '', '', '', '', ''),
(84, 11, 38, '', '', '', '', '', '', ''),
(85, 3, 38, '', '', '', '', '', '', ''),
(86, 11, 39, '', '', '', '', '', '', ''),
(87, 3, 39, '', '', '', '', '', '', ''),
(88, 11, 40, '', '', '', '', '', '', ''),
(89, 3, 40, '', '', '', '', '', '', ''),
(90, 11, 41, '', '', '', '', '', '', ''),
(91, 3, 41, '', '', '', '', '', '', ''),
(92, 11, 42, '', '', '', '', '', '', ''),
(93, 3, 42, '', '', '', '', '', '', ''),
(94, 11, 43, '', '', '', '', '', '', ''),
(95, 3, 43, '', '', '', '', '', '', ''),
(96, 11, 44, '', '', '', '', '', '', ''),
(97, 3, 44, '', '', '', '', '', '', ''),
(98, 11, 45, '', '', '', '', '', '', ''),
(99, 3, 45, '', '', '', '', '', '', ''),
(100, 11, 46, '', '', '', '', '', '', ''),
(101, 3, 46, '', '', '', '', '', '', ''),
(102, 11, 47, '', '', '', '', '', '', ''),
(103, 3, 47, '', '', '', '', '', '', ''),
(104, 11, 48, '', '', '', '', '', '', ''),
(105, 3, 48, '', '', '', '', '', '', ''),
(106, 11, 49, '', '', '', '', '', '', ''),
(107, 3, 49, '', '', '', '', '', '', ''),
(108, 11, 50, '', '', '', '', '', '', ''),
(109, 3, 50, '', '', '', '', '', '', ''),
(110, 11, 51, '', '', '', '', '', '', ''),
(111, 3, 51, '', '', '', '', '', '', ''),
(112, 11, 52, '', '', '', '', '', '', ''),
(113, 11, 53, '', '', '', '', '', '', ''),
(114, 11, 54, '', '', '', '', '', '', ''),
(115, 11, 55, '', '', '', '', '', '', ''),
(116, 11, 56, '', '', '', '', '', '', ''),
(117, 11, 57, '', '', '', '', '', '', ''),
(118, 11, 58, '', '', '', '', '', '', ''),
(119, 11, 59, '', '', '', '', '', '', ''),
(120, 11, 60, '', '', '', '', '', '', ''),
(121, 11, 61, '', '', '', '', '', '', ''),
(122, 11, 62, '', '', '', '', '', '', ''),
(123, 11, 63, '', '', '', '', '', '', ''),
(124, 11, 64, '', '', '', '', '', '', ''),
(125, 11, 65, '', '', '', '', '', '', ''),
(126, 11, 66, '', '', '', '', '', '', ''),
(127, 11, 67, '', '', '', '', '', '', ''),
(128, 11, 68, '', '', '', '', '', '', ''),
(129, 11, 69, '', '', '', '', '', '', ''),
(130, 11, 70, '', '', '', '', '', '', ''),
(131, 11, 71, '', '', '', '', '', '', ''),
(132, 11, 72, '', '', '', '', '', '', ''),
(133, 11, 73, '', '', '', '', '', '', ''),
(134, 11, 74, '', '', '', '', '', '', ''),
(135, 11, 75, '', '', '', '', '', '', ''),
(136, 11, 76, '', '', '', '', '', '', ''),
(137, 11, 77, '', '', '', '', '', '', ''),
(138, 11, 78, '', '', '', '', '', '', ''),
(139, 3, 78, '', '', '', '', '', '', ''),
(140, 11, 26, '', '', '', '', '', '', ''),
(141, 3, 26, '', '', '', '', '', '', '');

-- --------------------------------------------------------

--
-- Table structure for table `sugerencias`
--

CREATE TABLE `sugerencias` (
  `id_sugerencia` int(11) NOT NULL,
  `id_usuario` int(11) DEFAULT NULL,
  `descripcion` longtext DEFAULT NULL,
  `fecha_enviado` date DEFAULT NULL,
  `estado` int(11) DEFAULT NULL
) ENGINE=InnoDB DEFAULT CHARSET=latin1;

-- --------------------------------------------------------

--
-- Table structure for table `usuarios`
--

CREATE TABLE `usuarios` (
  `id_usuario` int(11) NOT NULL,
  `nombre_persona` varchar(50) DEFAULT NULL,
  `nombre_usuario` varchar(50) DEFAULT NULL,
  `dni_usuario` varchar(50) DEFAULT NULL,
  `email_usuario` varchar(100) DEFAULT NULL,
  `tipo_usuario` int(11) DEFAULT NULL,
  `membresia` int(11) DEFAULT NULL,
  `publicidad` int(11) DEFAULT NULL,
  `membresia_comienzo` datetime DEFAULT NULL,
  `membresia_fin` datetime DEFAULT NULL
) ENGINE=InnoDB DEFAULT CHARSET=latin1;

--
-- Dumping data for table `usuarios`
--

INSERT INTO `usuarios` (`id_usuario`, `nombre_persona`, `nombre_usuario`, `dni_usuario`, `email_usuario`, `tipo_usuario`, `membresia`, `publicidad`, `membresia_comienzo`, `membresia_fin`) VALUES
(1, 'Jose Ortega', 'bomj321', '123456', 'jmob612@gmail.com', 1, 1, NULL, NULL, NULL);

--
-- Indexes for dumped tables
--

--
-- Indexes for table `atributos_b`
--
ALTER TABLE `atributos_b`
  ADD PRIMARY KEY (`id_atributo_b`),
  ADD UNIQUE KEY `nombre_atributo_UNIQUE` (`nombre_atributo`);

--
-- Indexes for table `atributos_especiales_b`
--
ALTER TABLE `atributos_especiales_b`
  ADD PRIMARY KEY (`id_atributos_especiales_b`),
  ADD KEY `fk_attresb_atributos_b_idx` (`id_atributob`);

--
-- Indexes for table `atributos_especiales_m`
--
ALTER TABLE `atributos_especiales_m`
  ADD PRIMARY KEY (`id_atributos_especiales_m`),
  ADD KEY `fk_attresm_atributos_m_idx` (`id_atributom`);

--
-- Indexes for table `atributos_m`
--
ALTER TABLE `atributos_m`
  ADD PRIMARY KEY (`id_atributo_m`),
  ADD UNIQUE KEY `nombre_atributo_UNIQUE` (`nombre_atributo`);

--
-- Indexes for table `atributo_billetes`
--
ALTER TABLE `atributo_billetes`
  ADD PRIMARY KEY (`id_atributo_billete`),
  ADD KEY `fk_atributo_catalogo_idx` (`id_billete`),
  ADD KEY `fk_atributo_attrb_idx` (`id_atributo`);

--
-- Indexes for table `atributo_monedas`
--
ALTER TABLE `atributo_monedas`
  ADD PRIMARY KEY (`id_atributo_moneda`),
  ADD KEY `fk_atributo_catalogo_idx` (`id_moneda`),
  ADD KEY `fk_atributo_attr_idx` (`id_atributo`);

--
-- Indexes for table `catalogo_billetes`
--
ALTER TABLE `catalogo_billetes`
  ADD PRIMARY KEY (`id_catalogo_billete`);

--
-- Indexes for table `catalogo_monedas`
--
ALTER TABLE `catalogo_monedas`
  ADD PRIMARY KEY (`id_catalogo_moneda`);

--
-- Indexes for table `coleccion_personal_billetes`
--
ALTER TABLE `coleccion_personal_billetes`
  ADD PRIMARY KEY (`id_coleccion_personal_billete`),
  ADD KEY `fk_coleccionb_usuario_idx` (`id_usuario`),
  ADD KEY `fk_coleccionb_catalogo_idx` (`id_billete`);

--
-- Indexes for table `coleccion_personal_monedas`
--
ALTER TABLE `coleccion_personal_monedas`
  ADD PRIMARY KEY (`id_coleccion_personal_moneda`),
  ADD KEY `fk_coleccion_usuario_idx` (`id_usuario`),
  ADD KEY `fk_coleccion_catalogo_idx` (`id_moneda`);

--
-- Indexes for table `precios_catalogob`
--
ALTER TABLE `precios_catalogob`
  ADD PRIMARY KEY (`id_precio_catalogob`),
  ADD KEY `fk_preciosc_attrb_idx` (`id_catalogo`),
  ADD KEY `fk_precios_idbille_idx` (`id_billete`);

--
-- Indexes for table `precios_catalogom`
--
ALTER TABLE `precios_catalogom`
  ADD PRIMARY KEY (`id_precio_catalogom`),
  ADD KEY `fk_preciosc_attrm_idx` (`id_catalogo`),
  ADD KEY `fk_catm_attrm_idx` (`id_moneda`);

--
-- Indexes for table `sugerencias`
--
ALTER TABLE `sugerencias`
  ADD PRIMARY KEY (`id_sugerencia`),
  ADD KEY `fk_sugerencia_usuario_idx` (`id_usuario`);

--
-- Indexes for table `usuarios`
--
ALTER TABLE `usuarios`
  ADD PRIMARY KEY (`id_usuario`),
  ADD UNIQUE KEY `nombre_usuario_UNIQUE` (`nombre_usuario`),
  ADD UNIQUE KEY `dni_usuario_UNIQUE` (`dni_usuario`),
  ADD UNIQUE KEY `email_usuario_UNIQUE` (`email_usuario`);

--
-- AUTO_INCREMENT for dumped tables
--

--
-- AUTO_INCREMENT for table `atributos_b`
--
ALTER TABLE `atributos_b`
  MODIFY `id_atributo_b` int(11) NOT NULL AUTO_INCREMENT, AUTO_INCREMENT=18;

--
-- AUTO_INCREMENT for table `atributos_especiales_b`
--
ALTER TABLE `atributos_especiales_b`
  MODIFY `id_atributos_especiales_b` int(11) NOT NULL AUTO_INCREMENT, AUTO_INCREMENT=9;

--
-- AUTO_INCREMENT for table `atributos_especiales_m`
--
ALTER TABLE `atributos_especiales_m`
  MODIFY `id_atributos_especiales_m` int(11) NOT NULL AUTO_INCREMENT, AUTO_INCREMENT=109;

--
-- AUTO_INCREMENT for table `atributos_m`
--
ALTER TABLE `atributos_m`
  MODIFY `id_atributo_m` int(11) NOT NULL AUTO_INCREMENT, AUTO_INCREMENT=46;

--
-- AUTO_INCREMENT for table `atributo_billetes`
--
ALTER TABLE `atributo_billetes`
  MODIFY `id_atributo_billete` int(11) NOT NULL AUTO_INCREMENT, AUTO_INCREMENT=26;

--
-- AUTO_INCREMENT for table `atributo_monedas`
--
ALTER TABLE `atributo_monedas`
  MODIFY `id_atributo_moneda` int(11) NOT NULL AUTO_INCREMENT, AUTO_INCREMENT=2503;

--
-- AUTO_INCREMENT for table `catalogo_billetes`
--
ALTER TABLE `catalogo_billetes`
  MODIFY `id_catalogo_billete` int(11) NOT NULL AUTO_INCREMENT, AUTO_INCREMENT=3;

--
-- AUTO_INCREMENT for table `catalogo_monedas`
--
ALTER TABLE `catalogo_monedas`
  MODIFY `id_catalogo_moneda` int(11) NOT NULL AUTO_INCREMENT, AUTO_INCREMENT=79;

--
-- AUTO_INCREMENT for table `coleccion_personal_billetes`
--
ALTER TABLE `coleccion_personal_billetes`
  MODIFY `id_coleccion_personal_billete` int(11) NOT NULL AUTO_INCREMENT;

--
-- AUTO_INCREMENT for table `coleccion_personal_monedas`
--
ALTER TABLE `coleccion_personal_monedas`
  MODIFY `id_coleccion_personal_moneda` int(11) NOT NULL AUTO_INCREMENT, AUTO_INCREMENT=16;

--
-- AUTO_INCREMENT for table `precios_catalogob`
--
ALTER TABLE `precios_catalogob`
  MODIFY `id_precio_catalogob` int(11) NOT NULL AUTO_INCREMENT, AUTO_INCREMENT=17;

--
-- AUTO_INCREMENT for table `precios_catalogom`
--
ALTER TABLE `precios_catalogom`
  MODIFY `id_precio_catalogom` int(11) NOT NULL AUTO_INCREMENT, AUTO_INCREMENT=142;

--
-- AUTO_INCREMENT for table `sugerencias`
--
ALTER TABLE `sugerencias`
  MODIFY `id_sugerencia` int(11) NOT NULL AUTO_INCREMENT;

--
-- AUTO_INCREMENT for table `usuarios`
--
ALTER TABLE `usuarios`
  MODIFY `id_usuario` int(11) NOT NULL AUTO_INCREMENT, AUTO_INCREMENT=2;

--
-- Constraints for dumped tables
--

--
-- Constraints for table `atributos_especiales_b`
--
ALTER TABLE `atributos_especiales_b`
  ADD CONSTRAINT `fk_attresb_atributos_b` FOREIGN KEY (`id_atributob`) REFERENCES `atributos_b` (`id_atributo_b`) ON DELETE CASCADE ON UPDATE CASCADE;

--
-- Constraints for table `atributos_especiales_m`
--
ALTER TABLE `atributos_especiales_m`
  ADD CONSTRAINT `fk_attresm_atributos_m` FOREIGN KEY (`id_atributom`) REFERENCES `atributos_m` (`id_atributo_m`) ON DELETE CASCADE ON UPDATE CASCADE;

--
-- Constraints for table `atributo_billetes`
--
ALTER TABLE `atributo_billetes`
  ADD CONSTRAINT `fk_atributo_attrb` FOREIGN KEY (`id_atributo`) REFERENCES `atributos_b` (`id_atributo_b`) ON DELETE CASCADE ON UPDATE CASCADE,
  ADD CONSTRAINT `fk_atributo_catalogob` FOREIGN KEY (`id_billete`) REFERENCES `catalogo_billetes` (`id_catalogo_billete`) ON DELETE CASCADE ON UPDATE CASCADE;

--
-- Constraints for table `atributo_monedas`
--
ALTER TABLE `atributo_monedas`
  ADD CONSTRAINT `fk_atributo_attrm` FOREIGN KEY (`id_atributo`) REFERENCES `atributos_m` (`id_atributo_m`) ON DELETE CASCADE ON UPDATE CASCADE,
  ADD CONSTRAINT `fk_atributo_catalogom` FOREIGN KEY (`id_moneda`) REFERENCES `catalogo_monedas` (`id_catalogo_moneda`) ON DELETE CASCADE ON UPDATE CASCADE;

--
-- Constraints for table `coleccion_personal_billetes`
--
ALTER TABLE `coleccion_personal_billetes`
  ADD CONSTRAINT `fk_coleccionb_catalogo` FOREIGN KEY (`id_billete`) REFERENCES `catalogo_billetes` (`id_catalogo_billete`) ON DELETE CASCADE ON UPDATE CASCADE,
  ADD CONSTRAINT `fk_coleccionb_usuario` FOREIGN KEY (`id_usuario`) REFERENCES `usuarios` (`id_usuario`) ON DELETE CASCADE ON UPDATE CASCADE;

--
-- Constraints for table `coleccion_personal_monedas`
--
ALTER TABLE `coleccion_personal_monedas`
  ADD CONSTRAINT `fk_coleccionm_catalogo` FOREIGN KEY (`id_moneda`) REFERENCES `catalogo_monedas` (`id_catalogo_moneda`) ON DELETE CASCADE ON UPDATE CASCADE,
  ADD CONSTRAINT `fk_coleccionm_usuario` FOREIGN KEY (`id_usuario`) REFERENCES `usuarios` (`id_usuario`) ON DELETE CASCADE ON UPDATE CASCADE;

--
-- Constraints for table `precios_catalogob`
--
ALTER TABLE `precios_catalogob`
  ADD CONSTRAINT `fk_precios_idbille` FOREIGN KEY (`id_billete`) REFERENCES `atributo_billetes` (`id_billete`) ON DELETE CASCADE ON UPDATE CASCADE,
  ADD CONSTRAINT `fk_preciosc_attrb` FOREIGN KEY (`id_catalogo`) REFERENCES `atributo_billetes` (`id_atributo`) ON DELETE CASCADE ON UPDATE CASCADE;

--
-- Constraints for table `precios_catalogom`
--
ALTER TABLE `precios_catalogom`
  ADD CONSTRAINT `fk_catm_attrm` FOREIGN KEY (`id_moneda`) REFERENCES `atributo_monedas` (`id_moneda`) ON DELETE CASCADE ON UPDATE CASCADE,
  ADD CONSTRAINT `fk_preciosc_attrm` FOREIGN KEY (`id_catalogo`) REFERENCES `atributo_monedas` (`id_atributo`) ON DELETE CASCADE ON UPDATE CASCADE;

--
-- Constraints for table `sugerencias`
--
ALTER TABLE `sugerencias`
  ADD CONSTRAINT `fk_sugerencia_usuario` FOREIGN KEY (`id_usuario`) REFERENCES `usuarios` (`id_usuario`) ON DELETE CASCADE ON UPDATE CASCADE;
COMMIT;

/*!40101 SET CHARACTER_SET_CLIENT=@OLD_CHARACTER_SET_CLIENT */;
/*!40101 SET CHARACTER_SET_RESULTS=@OLD_CHARACTER_SET_RESULTS */;
/*!40101 SET COLLATION_CONNECTION=@OLD_COLLATION_CONNECTION */;
